4
15 128
0.390064 0.213953 0.0450979 0.341533 -0.418933 -0.289624 0.0930305 0.274539 -0.590434 0.125968 -0.0452559 -0.132793 -0.159968 0.128331 0.139867 
-0.00887568 0.161688 -0.19747 0.110129 -0.258849 0.248658 0.148343 -0.41486 -0.097664 0.285542 0.260062 -0.0771718 -0.19744 -0.113663 -0.659569 
0.0194709 0.125849 0.0638464 0.440923 -0.203053 0.284869 -0.568518 0.207655 -0.0223417 0.0774185 -0.493158 0.0790162 -0.125516 -0.0586448 0.105982 
0.601515 0.188958 -0.307724 0.0521895 0.205928 0.26125 -0.104383 0.347925 0.142778 -0.441932 0.164281 0.0688962 -0.200072 0.002861 -0.0834828 
-0.467343 0.47013 -0.0766294 0.501999 -0.153692 0.310592 -0.111154 0.0972368 -0.453545 -0.231388 -0.213188 0.0892094 -0.106805 0.229796 0.123059 
0.161644 -0.271615 0.499164 -0.301447 -0.121549 -0.131233 -0.314742 -0.508667 0.0348221 0.12216 0.0676952 -0.103661 -0.637532 -0.430005 0.524837 
-0.34241 -0.203452 0.312924 -0.669854 -0.126158 -0.0854942 0.160859 0.168383 0.365562 -0.122201 -0.210401 0.269739 -0.0926448 -0.0254987 0.349308 
-0.480306 0.32126 0.0484392 -0.232153 0.334472 0.246338 0.0257378 0.425905 -0.194456 -0.413293 -0.310254 0.0178695 -0.402717 0.333764 0.482787 
-0.0577845 -0.216919 -0.304136 -0.381041 0.122966 0.257646 -0.297903 -0.0658588 -0.108489 0.395072 0.314088 0.438256 0.011293 -0.542697 0.411481 
-0.190151 0.112794 -0.10361 0.527853 0.12006 0.0119627 -0.0734616 0.668195 -0.0664428 -0.272489 -0.021612 -0.273727 -0.0510365 -0.297082 0.31003 
0.28208 -0.137864 -0.0957137 -0.333522 0.21464 -0.374013 0.122345 0.252006 -0.118771 -0.363925 -0.174951 -0.147623 -0.0543431 -0.39715 -0.0237964 
-0.416378 -0.00631086 0.183964 0.156028 -0.326846 -0.518295 0.0256901 -0.0617464 0.00803418 -0.191197 -0.549692 -0.324253 0.367401 0.328941 -0.0129072 
-0.118462 -0.00165092 -0.33543 -0.165797 0.0158341 -0.262732 0.0139484 -0.388803 0.115476 0.417642 0.0102449 -0.0735945 -0.0267832 -0.193414 -0.084327 
0.386074 0.0396272 -0.0850036 0.189008 0.176582 -0.253729 0.0168952 0.39044 0.548843 -0.450189 0.400705 0.389298 -0.242289 -0.420623 0.0982593 
-0.122658 0.0326862 0.360941 0.109821 0.417795 -0.034123 -0.365317 -0.312447 -0.172235 0.292188 -0.198715 -0.378461 0.537393 -0.0653431 -0.0342906 
-0.209283 0.0106524 -0.0722163 -0.0051757 -0.0854909 0.43936 0.463276 -0.104651 0.666967 0.668183 0.118827 0.23718 0.273674 0.077691 -0.260247 
0.230799 0.161833 -0.678539 -0.124679 -0.461833 0.105751 -0.28399 -0.0285442 0.00814946 -0.027097 -0.280281 -0.212595 0.404438 0.0409115 -0.236394 
0.00190571 -0.0160995 0.112508 0.427262 -0.420693 0.430928 0.115755 -0.0828845 0.507326 -0.369505 -0.00554977 0.183464 0.555642 -0.224126 -0.0519841 
-0.0109625 -0.45743 -0.106837 0.161686 0.19155 -0.0332092 -0.265067 0.145326 0.436026 0.111656 0.22505 0.120768 -0.259663 0.120298 0.00685008 
0.520473 -0.311898 0.118258 0.072991 -0.461387 -0.319224 -0.0253103 0.0716004 -0.176458 0.145177 0.864252 -0.0411417 -0.45732 -0.117722 0.171106 
-0.30409 -0.0472085 0.607845 0.497752 -0.293855 -0.351758 -0.171596 0.268881 0.30642 -0.0899136 0.52866 0.166475 -0.560331 -0.151524 0.364835 
0.122707 -0.167605 -0.0123002 -0.18644 0.492757 -0.385137 0.512233 -0.180011 0.346955 0.591256 -0.161427 0.14426 0.13073 -0.191256 0.160458 
-0.0460961 -0.401746 0.167278 -0.205082 -0.0334762 -0.021033 0.304333 0.0980637 -0.22381 -0.375883 -0.264414 -0.126956 -0.0402591 -0.264949 0.09322 
0.382132 0.147994 -0.399311 -0.227976 0.134642 0.00954014 -0.302675 0.0679123 0.355807 -0.450675 0.517043 -0.154528 0.262588 -0.14714 -0.400428 
0.167216 -0.25069 0.0562949 0.0552247 0.190077 -0.230286 -0.177826 -0.203593 -0.184197 -0.115575 -0.356797 0.176589 0.616523 -0.111198 -0.315248 
-0.186277 -0.0269672 0.422937 -0.56675 0.677786 0.189581 -0.27327 -0.171242 0.16195 0.188007 -0.0556073 -0.035948 -0.189997 -0.0435253 0.00565404 
-0.201986 -0.300881 0.115154 0.0278093 -0.163223 0.125307 -0.406595 -0.187988 0.225553 -0.311446 -0.329096 -0.0270701 0.12818 0.29815 -0.130784 
-0.415372 0.127938 -0.0486799 0.292347 -0.441631 -0.384995 0.154156 0.202288 0.585569 -0.280905 -0.591628 -0.19885 0.305379 0.0727285 -0.0238909 
-0.241413 0.568161 0.209267 0.183095 0.22169 0.12151 -0.201805 -0.0246773 -0.126288 0.24248 -0.284351 -0.39767 0.153659 -0.207493 0.246156 
0.0430461 -0.0115569 0.24181 0.0977401 -0.091328 0.109015 -0.312219 -0.510474 0.190606 0.0708187 0.504704 0.07145 -0.18546 0.471928 0.465786 
0.542808 0.330935 0.108525 -0.0251482 -0.115216 0.00269495 0.275877 -0.00677571 -0.32916 -0.0848578 -0.0502551 0.0835138 0.361732 0.108823 -0.120735 
-0.0460954 -0.384236 -0.00693648 0.581502 0.298326 -0.272849 0.175753 -0.153814 -0.639712 -0.182442 0.156869 0.0629179 0.174288 -0.195238 -0.25564 
-0.0413679 0.201245 0.145202 0.116785 -0.0768992 -0.0526966 -0.000148306 -0.155109 -0.153544 0.051172 0.125422 0.284036 0.155549 0.0109168 0.31299 
-0.0397333 -0.246214 0.0923256 -0.0206756 0.213706 0.068369 0.0869863 0.22751 -0.224725 -0.0866475 0.157659 0.494256 -0.162588 -0.240428 0.0805947 
-0.153149 -0.296162 -0.104656 -0.0506825 0.241469 -0.0549517 0.289461 -0.522321 0.139542 -0.007164 0.0726251 -0.268096 0.242202 0.530202 0.301507 
0.239012 -0.220065 0.0484072 -0.291355 0.0676485 -0.138468 0.19385 -0.248166 -0.128992 0.0214599 0.455225 -0.0362597 -0.432919 -0.880555 -0.277852 
-0.0878386 0.269664 -0.35193 -0.375837 -0.194733 0.116348 0.443619 0.410455 -0.323237 -0.22525 0.361595 0.346191 0.212319 0.0997583 -0.424791 
0.0160566 0.211158 -0.0119856 -0.34044 -0.264419 0.0364847 0.204098 -0.239514 0.271629 0.122243 0.487997 0.516396 -0.190585 0.0812285 -0.0304793 
-0.20974 -0.251292 0.600714 -0.0375312 -0.14888 0.24163 0.094949 -0.34872 -0.13277 -0.165458 -0.197486 -0.00397874 -0.517256 -0.108191 0.0350922 
-0.0456071 0.108463 0.219748 -0.277396 -0.409649 0.328934 0.201866 -0.108522 0.37467 -0.282469 0.109007 -0.0270982 0.485683 0.173351 -0.0743307 
-0.266357 0.0910286 0.186678 0.311982 0.321645 -0.430444 -0.0398696 0.00634391 0.141586 0.0899414 -0.542034 0.452711 -0.266334 0.0809302 0.14887 
-0.123552 0.114938 -0.423068 0.103688 0.0796494 -0.301582 -0.142721 -0.309588 0.100415 0.283914 -0.158695 0.156927 -0.38814 -0.365444 -0.120614 
0.070105 -0.157208 -0.363824 0.218021 0.138731 0.0507758 -0.446368 -0.30694 -0.482911 0.121299 0.0557249 -0.154228 0.187631 -0.148435 0.0655536 
0.2761 -0.14055 -0.209849 -0.127627 0.163701 -0.342386 -0.604732 -0.414288 -0.322017 0.00117866 0.0675908 -0.607842 0.0626111 0.0427219 0.460567 
-0.31922 -0.401505 -0.000910488 0.324202 0.393485 -0.101202 0.458554 0.504894 -0.375273 0.151069 -0.246602 -0.0749326 0.0755865 -0.098139 0.050777 
-0.223359 0.0943459 -0.0313914 -0.0282421 0.0758356 -0.120257 0.286528 -0.155513 -0.238763 0.0256057 -0.267778 -0.198262 0.643061 0.329221 -0.506943 
-0.0698354 0.065353 -0.0781106 0.157256 0.0657602 0.333623 -0.0116308 -0.0885627 0.276593 -0.316749 0.263515 0.0570897 0.361095 0.472822 0.0529521 
0.106179 0.28624 -0.0976981 0.416325 0.186799 -0.000955448 0.0355664 0.384484 0.62797 -0.573013 -0.0103576 -0.415648 0.73735 0.0179801 0.207808 
-0.40681 -0.103529 0.0371004 -0.481613 -0.339291 0.310623 -0.0418826 -0.605663 0.0476086 0.0527728 0.349133 -0.171487 -0.213877 0.423985 0.0524692 
-0.0219733 0.0428333 -0.0679874 -0.0739596 0.106577 -0.124657 0.0459247 -0.242592 0.107812 -0.0673781 0.430858 0.616162 0.0300921 0.223715 -0.0331389 
-0.412759 -0.133254 0.134323 0.0609319 -0.0606644 0.0298224 0.0826918 -0.251691 0.281145 -0.717432 -0.0355595 0.282827 -0.21387 -0.412451 0.128268 
0.520827 0.100825 -0.0431319 -0.0156265 -0.392693 -0.276413 -0.269162 0.346363 -0.195737 0.220546 -0.0483375 -0.144165 0.276847 -0.111047 -0.279796 
0.162717 -0.233017 0.0658648 -0.00826626 0.0153125 -0.0526876 0.231348 0.194103 0.435171 -0.429423 -0.28117 0.15428 -0.0790551 -0.0766918 0.0060746 
0.257923 -0.419111 0.191004 -0.125631 -0.677577 0.0516791 -0.0577342 0.384526 0.28924 -0.192229 -0.365851 -0.0198299 -0.362027 0.198124 0.155513 
-0.190363 0.26717 -0.576037 0.112039 0.114768 0.332347 0.275531 -0.438317 -0.962605 0.57981 -0.143442 -0.279355 0.152237 -0.345172 0.279935 
-0.137085 0.297014 -0.39529 0.110103 0.0819277 -0.200527 -0.212584 0.156162 0.181673 0.191281 -0.0646867 0.0784343 0.389693 -0.234753 0.247012 
-0.281442 0.346327 -0.198749 0.0433147 0.114027 -0.218362 -0.256605 0.35874 0.365396 0.680451 -0.313992 0.443879 0.599744 -0.193946 -0.3264 
-0.0168128 0.630618 -0.195578 -0.0233905 0.0173771 0.07208 -0.220368 0.0499409 -0.120453 0.000448826 -0.156514 -0.0387745 0.180098 0.00186084 -0.350447 
0.131745 -0.148643 -0.264433 -0.026727 0.33344 -0.0728857 -0.523662 -0.127076 -0.188146 -0.000810834 0.660576 -0.222341 -0.194689 0.355814 -0.012007 
-0.40616 -0.384604 -0.667239 -0.208933 0.0691331 -0.0465491 0.388927 -0.0470803 0.228752 -0.0129911 0.268753 -0.117084 0.0989371 0.435183 0.0625117 
0.099082 0.201412 0.272733 0.0310954 -0.236018 0.0387012 0.309224 0.356868 0.0906755 -0.0013024 -0.599608 0.366385 0.0298681 -0.434828 -0.269708 
-0.257842 -0.0726092 0.182519 -0.318264 0.23025 -0.213404 0.0940846 -0.253927 0.10981 -0.206898 0.314413 -0.234498 0.0771704 -0.225028 0.164855 
0.0137356 0.156427 0.0161614 0.103125 0.15348 0.306543 0.106451 0.0856315 -0.00796982 -0.261453 -0.309269 -0.191265 0.233679 0.18791 0.0503111 
0.0239065 -0.0113698 -0.128195 0.249607 0.294884 0.0156425 0.241798 -0.0127056 0.0428203 -0.22934 0.0532988 -0.347882 0.117336 -0.0660766 -0.0718237 
0.318415 0.330522 -0.0256408 0.26821 0.143759 0.143041 0.0479073 -0.263659 0.00777571 -0.172964 -0.123806 -0.122322 -0.19188 -0.152975 -0.277687 
-0.279991 -0.168958 -0.0113548 -0.239978 0.0374697 0.105365 -0.101655 0.22789 -0.0267199 0.15327 -0.0290871 -0.039225 -0.0943089 0.1379 -0.184198 
-0.268073 0.139338 0.11087 -0.636067 -0.273046 -0.0763426 -0.262692 -0.213517 -0.0429496 0.28388 -0.420313 -0.546393 -0.110272 -0.207868 -0.387109 
-0.00813038 0.233276 -0.195122 -0.25871 -0.214815 0.566519 0.291194 -0.0156862 0.326198 0.395632 -0.102641 0.439935 0.220688 0.56907 0.526702 
-0.18608 -0.248472 -0.127362 0.217762 0.256966 -0.330922 0.0893411 0.0788065 -0.00516725 0.686054 0.203781 -0.135887 0.0221158 -0.240786 0.027506 
-0.179154 -0.651164 -0.0540444 0.195908 0.244471 -0.0387195 -0.392549 0.0396982 0.193338 0.334869 -0.0655555 -0.202507 0.466595 -0.263456 -0.412507 
0.137485 0.0307583 0.133815 -0.0814599 -0.249507 -0.386714 0.107435 -0.347989 -0.0944417 -0.270474 0.204572 -0.0741651 -0.975787 -0.15907 0.0363804 
-0.677415 -0.0646891 0.320989 0.396823 -0.0700699 -0.0731205 -0.231503 -0.200043 -0.283703 0.127012 -0.060034 0.189916 -0.111452 -0.110383 -0.786537 
-0.215535 -0.469283 0.515022 0.0350487 -0.338776 -0.264563 -0.0727024 -0.215013 0.35155 0.0770761 -0.413578 0.0743534 0.0127756 0.126489 0.118314 
-0.49859 -0.134366 0.0385517 -0.0984043 0.117786 0.477097 0.0017528 0.293953 -0.223859 0.264295 -0.66673 0.234802 -0.0525941 0.188178 -0.17041 
-0.278047 -0.0956099 -0.0394566 0.28474 0.011018 0.223376 -0.169726 0.393402 -0.0113299 0.408275 0.307085 -0.219828 0.917606 -0.0582463 0.360339 
0.0672256 0.259799 0.413792 -0.0274575 -0.060962 -0.183575 0.119793 -0.393729 0.39288 -0.0869287 -0.210128 -0.143227 -0.346431 -0.0312883 0.235129 
0.141516 -0.0692668 0.199373 0.309649 -0.156255 0.176872 0.146119 0.0933903 -0.224697 -0.0269834 0.809729 -0.481435 -0.517486 -0.191025 0.0342999 
-0.18885 0.233995 0.053948 0.449414 -0.235405 -0.0844391 0.253566 0.0543915 0.504619 -0.0532139 -0.225763 0.280495 0.202847 -0.489749 0.0235092 
-0.185661 0.0866846 0.19602 0.0947515 -0.1663 -0.295893 -0.410018 0.541433 0.305921 0.0730625 -0.218285 -0.254073 0.347552 -0.256984 0.210092 
-0.146252 0.273286 -0.2955 -0.0196872 0.221958 0.336627 -0.186944 0.201781 -0.0409342 0.0533082 0.190552 -0.0192659 -0.0632253 0.273414 -0.729002 
-0.195361 0.00537264 -0.204768 0.0555946 -0.237541 0.211184 -0.28706 0.689469 -0.220025 0.408788 -0.0825149 -0.122505 0.133015 0.187618 0.349882 
-0.2422 0.210368 -0.218149 0.218327 0.153672 0.100845 0.203709 -0.592387 0.417738 -0.833769 -0.120454 0.160729 0.0417376 -0.715377 -0.21122 
0.349032 0.204332 0.0282014 0.252984 0.0136585 0.181606 0.505572 0.275988 0.119014 -0.0368969 -0.166855 -0.0980974 0.0672072 -0.0486619 0.163296 
-0.435007 0.594847 -0.341846 0.501865 -0.231912 -0.210378 -0.249495 -0.111209 0.131265 0.328442 -0.26585 -0.364818 0.26009 -0.06786 0.285541 
0.0159604 0.050193 -0.0515391 -0.00611481 0.0423005 0.362263 0.443718 0.320427 -0.0165254 -0.0891923 -0.220632 0.242664 -0.156574 -0.175979 -0.098848 
-0.182381 -0.548258 -0.0634138 -0.130812 -0.174634 0.311193 -0.0219697 0.0124318 0.294663 -0.113477 0.0471232 -0.14918 0.538246 0.182216 0.0448855 
-0.318073 -0.254527 -0.323989 0.0978049 0.11342 -0.211077 0.132745 0.333758 0.535175 -0.581683 -0.104159 -0.185739 -0.344589 -0.141314 0.0568208 
-0.0476869 -0.0127715 -0.118462 -0.34992 0.132753 -0.0177906 0.250562 0.022908 -0.191432 -0.428832 -0.06764 0.22953 0.500523 0.236657 -0.0806857 
0.135257 -0.258894 0.258523 -0.545828 0.110361 0.424641 0.347207 0.110729 -0.085247 -0.235 0.151757 -0.049868 0.0780261 0.12755 -0.444739 
-0.0206268 -0.0422294 -0.214448 -0.191305 -0.0355515 0.0568514 -0.263355 0.135379 -0.114217 0.287993 -0.344425 -0.247349 0.148894 0.162198 0.335366 
0.000160643 -0.0184257 0.12602 0.430595 -0.252841 0.129835 -0.215402 0.529434 -0.0195194 0.0487601 0.00442725 0.0702088 -0.0413463 0.120019 -0.461963 
-0.0730515 -0.0763747 0.156804 -0.0447747 0.135599 0.481173 0.132304 -0.0721726 0.597656 0.0542638 -0.276363 -0.207707 0.0921913 -0.389674 -0.0937451 
0.0218236 -0.301476 0.325169 0.138482 -0.203664 0.487075 0.048867 0.0169275 0.127921 -0.119851 -0.43095 0.156272 0.310036 0.119478 -0.14277 
0.0360578 0.31947 -0.00246388 0.349922 -0.0424715 0.147335 -0.190017 -0.286804 -0.146204 -0.692509 0.141429 -0.330139 0.00674387 -0.133159 -0.148633 
-0.259568 -0.412603 -0.0931103 0.09154 0.0166896 0.228356 0.00892952 -0.161796 -0.0600418 0.223908 -0.3236 0.118057 0.20724 -0.131296 0.335211 
0.563243 0.077647 0.183562 -0.200309 0.449616 -0.160742 0.0182016 0.410126 -0.168349 -0.472348 -0.050372 -0.17048 -0.621951 -0.422666 0.188811 
0.0318795 0.543077 -0.482744 -0.275964 0.113322 0.262271 -0.4347 -0.101221 -0.190073 -0.400562 -0.065477 0.0356927 0.291134 0.0784218 -0.0944122 
-0.14726 -0.288438 0.0518414 0.298815 -0.0733876 -0.20803 0.288101 0.123341 0.0739376 0.143235 -0.0929651 -0.410157 0.0878079 -0.284231 -0.274753 
0.109621 0.0432851 -0.2549 -0.192268 -0.0719404 0.0310434 0.306053 -0.932696 -0.0246892 0.27656 -0.0745965 -0.16234 0.155829 -0.37022 0.0416659 
0.0284273 -0.000284373 -0.116936 0.438551 -0.0576864 -0.0888457 -0.0653248 -0.0640533 0.399115 -0.131623 0.230545 -0.442612 -0.360335 0.420874 -0.579615 
-0.137552 0.271935 0.127628 0.160476 0.270549 -0.00538959 -0.50071 -0.036223 0.241948 -0.263277 -0.0360881 -0.0497034 0.120835 0.166703 0.294355 
0.0225477 0.102898 0.328715 -0.271139 0.100451 -0.215549 0.143068 -0.0749204 -0.285285 -0.0921068 -0.0273168 -0.131261 -0.0620031 0.0593397 -0.280571 
0.11204 -0.278723 0.523651 0.136649 -0.366629 -0.119636 0.50962 0.0111103 0.0320185 -0.0554724 -0.0348758 0.362134 -0.0428983 0.269489 0.0859649 
0.0347771 0.0199389 0.346088 -0.150407 0.104224 0.283285 -0.196533 -0.0682789 -0.162746 -0.225511 0.546937 0.0142031 0.0821503 -0.0331181 0.106475 
0.040793 0.051784 0.348254 -0.340647 -0.160642 -0.0289217 0.25023 -0.271044 -0.214631 0.20652 0.0892451 0.295289 -0.000542983 0.305409 0.148905 
0.420259 -0.0786054 0.115738 0.438487 0.495778 -0.0606474 -0.102282 0.584577 0.323049 0.356125 0.369859 -0.0525304 -0.307875 0.228868 -0.0798382 
0.368853 -0.0436917 -0.231285 -0.176661 -0.466647 -0.129083 -0.442369 -0.000695221 0.241906 -0.0730749 -0.0857926 0.255296 -0.482002 -0.29516 0.472028 
0.370934 -0.419953 0.137495 0.380904 -0.132454 0.545719 -0.365843 -0.26241 0.461968 0.244166 -0.177914 -0.165886 0.107437 0.586893 -0.0496851 
-0.255927 -0.217024 0.0597978 0.174061 -0.203073 0.255878 -0.339976 -0.199522 -0.0741365 -0.186644 0.151728 0.06532 0.211686 -0.291804 0.0609332 
-0.517383 -0.260507 0.19863 0.0278754 0.30618 0.155802 0.132365 -0.463412 -0.133492 0.315837 0.159535 -0.380096 -0.0496837 -0.134699 0.0813393 
-0.0558443 -0.436794 0.413485 0.254658 -0.148974 -0.0893221 -0.17129 0.271145 0.736456 -0.286262 0.0203685 -0.402308 0.291327 0.207434 -0.108305 
-0.525098 0.124973 0.444669 0.166648 0.211352 -0.000120741 0.0140269 -0.0243364 -0.237326 -0.0379769 -0.0529843 -0.0288774 -0.249136 0.446013 0.204061 
-0.112253 0.712793 -0.205467 -0.140832 -0.0829953 -0.0671468 0.109352 0.0498086 0.0881984 0.0572725 -0.049881 0.757485 -0.119391 -0.433772 0.0838287 
-0.0702251 -0.23797 -0.139869 0.0186829 0.386795 0.0251973 -0.0275135 0.0649061 0.399859 -0.307593 0.164245 0.181614 0.0612846 0.178766 0.708235 
0.284039 0.414014 -0.209062 -0.0960605 0.564825 -0.282902 0.257092 -0.4128 -0.417847 0.521979 -0.00649423 -0.294639 -0.425439 -0.317565 0.049 
0.342313 0.140338 -0.0828897 -0.0267961 0.517337 -0.272373 0.052918 0.0824552 0.00141185 -0.331377 0.0993737 0.13023 -0.731866 -0.12631 0.56523 
0.305187 -0.819161 -0.217299 0.159612 0.015006 0.0187344 -0.434029 -0.189492 0.473792 0.431429 0.138278 -0.0124066 -0.545469 0.108457 0.0582072 
-0.158148 0.160305 -0.0304767 -0.0675415 -0.345736 0.133931 -0.358817 0.394566 -0.284735 -0.483929 -0.0508737 0.188796 -0.111545 -0.266951 0.789307 
0.368031 0.140365 0.0414913 -0.0201279 -0.35059 0.0199109 0.128283 -0.106926 -0.158576 -0.0494398 -0.218823 -0.206046 -0.183813 0.0844697 -0.490025 
0.430686 0.101348 0.279998 0.254302 0.0653151 0.431149 -0.203017 -0.193975 0.161583 -0.175892 -0.121781 -0.0764854 -0.0781454 -0.405263 -0.081936 
-0.0407927 -0.411079 0.496405 -0.0891786 0.147799 -0.00356573 0.0936332 0.228124 -0.076335 -0.152054 -0.244092 0.238486 0.36175 -0.175709 -0.0666963 
0.250193 -0.0203141 0.370343 0.680105 -0.556431 0.166297 -0.340695 0.21929 -0.179879 0.0659198 0.304589 -0.255227 -0.260941 0.33871 -0.00284553 
-0.0286405 0.0519346 -0.133557 0.0291803 0.011039 -0.682078 -0.239519 -0.57687 -0.194973 0.0552984 -0.118171 0.236577 0.127801 0.136384 -0.165562 
-0.111631 0.101677 0.161968 -0.103029 -0.142179 -0.102206 0.29792 0.277203 0.270114 -0.067144 -0.207607 0.0504812 -0.00921808 0.177947 0.0476523 
-0.246703 0.338172 0.131167 -0.295907 -0.290525 0.0352884 0.287133 -0.125362 -0.438934 0.000355317 -0.0169509 0.481893 -0.245544 0.24065 -0.107221 
0.52172 -0.409656 -0.603318 0.362144 0.108698 0.195984 -0.543504 0.130119 -0.230215 0.225887 -0.297496 0.4266 -0.0238821 0.494597 0.00704249 
-0.622415 -0.187424 0.0247637 0.273388 0.554021 0.0249455 0.553415 0.048652 0.168709 -0.385494 0.289904 -0.101308 0.0807072 -0.125036 -0.139887 
-0.178754 0.0362377 0.40073 -0.0342719 0.032214 0.127253 0.303855 -0.485935 0.415515 -0.0574467 0.0285307 -0.365539 -0.282371 -0.3715 0.512901 
-0.0719018 0.00550255 -0.0567485 -0.032746 -0.0801575 -0.189021 -0.128058 0.00539001 -0.0658821 -0.0284067 -0.173493 0.105717 -0.0763537 -0.0817278 -0.0697466 0.0147366 -0.0073363 0.00706559 0.0288828 -0.148087 0.0585716 -0.0712225 -0.049938 0.0556855 -0.170088 -0.0744455 0.00866268 0.00812896 0.146824 0.370195 -0.126961 0.00792213 0.0190958 0.0163654 0.0287065 0.035228 -0.0216385 -0.0784725 -0.0457632 -0.0779777 0.116902 0.0187948 0.0792254 -0.30719 -0.00181355 -0.0607813 0.116713 -0.129339 -0.078832 -0.0218688 0.00338907 -0.00995964 0.0508849 -0.0113235 0.0351565 -0.0918384 0.0418668 -0.0162232 -0.0225828 0.0541634 0.0238208 -0.248333 -0.0666509 -0.105797 -0.0141259 -0.0517124 -0.0159673 0.0598375 0.0501255 0.0294045 0.0266023 0.00583927 -0.0214142 0.00572178 0.123107 -0.0133119 0.00206146 0.0682941 0.00279364 -0.103825 0.025874 -0.0286306 0.0313983 0.0304739 -0.0532518 0.171785 -0.026766 -0.213798 -0.0244613 0.0103322 0.00510102 -0.0385864 -0.104834 0.0584695 -0.0419828 -0.065608 0.015862 -0.0229313 -0.0463411 -0.0302941 0.0181089 -0.0633443 -0.00186819 -0.165584 -0.0498537 -0.0004185 -0.0349488 0.0217453 0.0135318 -0.000951766 -0.0775236 0.0227812 -0.000201503 -0.126526 -0.0655497 0.0982486 0.192378 0.129855 -0.0743972 0.0460047 -0.102068 -0.037171 -0.20029 0.00353886 0.0220643 -0.068437 -0.0477563 0.0262379 
128 64
0.0632501 0.1207 -0.0200263 0.0430534 0.0151545 -0.0473503 0.157046 -0.177758 0.0590646 -0.260242 -0.0993214 -0.182142 0.119482 -0.0328361 0.0379015 -0.0560983 0.0024725 0.0319703 0.129929 -0.0926507 0.00236323 -0.13887 -0.0762953 0.158765 0.144198 -0.0325471 0.027988 0.203499 0.0615338 -0.209544 0.0298936 -0.0598903 0.0837923 -0.0651466 -0.218684 0.0170334 0.164017 -0.0449036 -0.0346054 -0.177898 -0.144017 0.00680298 -0.00899467 0.0282239 -0.0478227 -0.0354041 -0.0898843 0.0759594 -0.0744233 -0.108504 0.263842 0.0879214 0.00246985 -0.129178 -0.0943557 -0.184312 0.00627388 0.0665413 0.0850039 -0.0462705 0.0660438 -0.0295589 0.0666145 0.0110184 0.108366 0.0547477 -0.00482174 -0.000824873 -0.126547 -0.141464 -0.081166 0.241286 -0.0102464 0.0194038 0.0621235 -0.137735 -0.112448 0.0352547 -0.153574 0.0491737 -0.151632 0.0774365 0.115326 0.0828354 -0.0666107 -0.0620316 -0.214044 -0.0181039 0.140672 -0.0690382 0.0225625 0.0295451 0.0968858 -0.0527478 -0.0842707 0.000715471 0.18267 0.194279 -0.0585514 0.0412465 -0.0157278 0.0156407 -0.0922869 0.047979 0.0393416 -0.191507 0.0617722 0.0616258 0.116316 0.0816623 0.00193203 -0.0274558 -0.0146328 0.0405848 -0.183313 -0.0376289 -0.054909 -0.0369203 0.0287142 -0.0313801 0.0257134 0.0718133 0.0117566 -0.00977038 0.167205 0.034535 -0.137215 -0.0859585 
0.147899 -0.0304731 -0.117946 0.19611 0.0189893 0.00568758 0.0847705 0.101142 0.0669998 -0.102475 -0.0884187 -0.0552079 -0.28342 -0.0396968 0.0185834 -0.0935149 -0.0552343 -0.0479012 0.0881059 -0.180485 -0.000407858 -0.0384475 0.0827361 0.0348912 0.0605902 0.0848432 -0.030224 -0.0273447 -0.108053 -0.00732103 0.09056 0.0056081 -0.0578047 -0.00633623 -0.0761861 -0.114236 -0.0266801 -0.13693 0.0718722 0.026058 0.175706 -0.197507 0.0590481 -0.0524805 0.0162531 0.0455468 0.0520615 -0.156691 -0.158144 -0.0373428 0.0180171 0.0309163 0.0593977 0.0746039 -0.0498532 0.0451371 -0.149742 0.127453 0.0134833 -0.00702902 0.0251812 -0.0523012 -0.0602768 0.00630577 -0.101278 0.076314 0.0885417 -0.081851 0.0409931 0.01814 0.0760624 -0.0412865 0.00989878 0.0085938 -0.0534215 -0.124423 0.139973 0.00282986 0.0270628 0.0365898 -0.0766186 0.00858424 0.0436967 0.12125 0.024852 -0.162646 0.028909 0.0707295 -0.134651 -0.0537988 0.00134243 -0.114463 0.0635084 -0.108259 0.0453759 0.00918531 0.0163341 -0.164192 0.0402969 0.108102 0.139442 -0.0101774 0.169795 -0.060737 0.0296937 -0.133917 -0.0167004 0.0284733 0.163485 -0.0645308 0.00916732 0.0916939 0.089063 -0.119371 0.284737 -0.00939434 0.0335139 -0.0273072 -0.100895 0.0426758 -0.0961068 0.0214486 -0.0315027 -0.142962 0.0227533 0.0919973 0.0685883 0.0163889 
0.178823 0.0849689 -0.0103499 0.0360897 0.0920168 -0.030725 0.00139618 -0.0435925 -0.147307 -0.100957 -0.0708365 -0.0109091 -0.136735 -0.0172779 0.0663071 0.0279804 0.0767887 -0.111446 0.0725965 -0.0941187 -0.112992 -0.0749223 -0.0467021 0.0831654 -0.0986336 0.0639502 0.120282 0.0497316 0.201203 -0.134522 -0.0327563 -0.058019 -0.026653 -0.0375319 0.0890943 -0.120102 -0.0545886 -0.0320801 -0.0437174 -0.168792 0.138375 0.0873859 -0.0876476 0.0282262 -0.0429544 0.101005 0.0734003 -0.162624 -0.000826042 0.110498 -0.0343927 -0.127042 0.00970714 0.0272058 -0.134904 -0.0965494 -0.0347254 -0.132514 -0.0164528 -0.119015 -0.0131969 -0.0249408 0.0419702 -0.0525632 -0.0312638 -0.0539048 -0.0347889 0.0410536 -0.0577816 -0.193846 -0.0309576 -0.106032 0.00746917 -0.131622 -0.0809465 -0.224486 0.0156965 -0.100665 0.0058173 -0.0287183 0.0561604 -0.0124917 -0.100455 -0.0899443 0.01045 0.0808108 -0.0138959 0.035112 0.00855162 -0.0371251 0.0707913 -0.0756217 -0.0306906 0.0207834 -0.0557538 0.0853771 -0.168776 -0.0211944 -0.0495867 0.128111 -0.0729522 0.00971363 0.0788164 0.0280599 -0.0769714 -0.00102216 -0.0304736 0.0782995 -0.0830268 -0.191546 0.0348099 0.0352337 -0.00507868 0.00368512 0.0359367 0.111414 0.0185875 -0.0951297 0.208742 0.0646369 -0.00335461 0.0335561 -0.0517951 -0.0254968 -0.00950623 -0.0629251 -0.0375399 0.0893159 
-0.103288 -0.0950883 -0.0357236 0.0207419 0.0936114 -0.0380237 -0.185507 0.128761 -0.013001 0.101936 -0.028392 -0.0209557 0.00304492 0.0346747 -0.0052102 -0.160271 0.0898232 -0.0620068 -0.148723 0.0372501 -0.154263 -0.0233523 -0.0771835 0.0204998 0.00215852 -0.0630559 0.00137466 -0.0133154 0.00267154 0.245462 -0.10503 0.0726685 0.0995205 0.0262191 0.0311424 0.0767806 -0.0265322 0.0584951 -0.134352 0.0721241 0.148241 0.0702877 0.0144282 0.0927756 0.0795767 -0.21156 0.114863 -0.0515102 0.0307699 -0.0543571 -0.0217088 -0.00777947 -0.125157 -0.112453 -0.13976 0.0152759 -0.0587977 -0.0319028 -0.00501637 0.198367 0.0534695 0.00651195 -0.0598487 -0.142457 -0.109225 -0.0507739 -0.0866313 -0.0132986 -0.241067 -0.155381 0.0335098 0.111899 -0.123002 0.0572063 0.0738084 -0.0514187 -0.0247199 -0.0287186 0.0180004 0.073582 -0.0680602 -0.0795104 -0.0336179 0.0118482 0.00152471 -0.10183 0.102739 0.0913393 0.0277107 0.113098 -0.0381218 -0.00151762 0.108519 0.0593272 -0.162261 0.0302859 0.0332455 -0.0810783 0.0297017 0.144237 -0.000432497 -0.00723977 0.00975577 -0.0521772 -0.0574108 -0.0629156 -0.0379835 -0.143187 -0.104043 -0.0433878 -0.0384814 -0.102972 0.0134562 -0.108531 -0.0594665 0.034764 -0.067641 0.0526337 -0.0412895 -0.0361057 0.0619009 -0.0919758 -0.197171 -0.109047 0.0222632 0.134708 -0.0417641 0.0346624 
-0.115074 -0.17961 -0.101602 -0.0410428 0.0885828 0.0102202 -0.0387723 -0.0549045 -0.0718876 -0.073739 -0.0671165 -0.0747345 0.00132969 -0.0721319 -0.0348386 -0.0397227 -0.102234 -0.0699271 -0.0434951 -0.043658 -0.16375 -0.00798285 0.11633 0.011555 -0.0287097 -0.0179941 -0.173502 -0.0492261 0.0962773 -0.0615418 -0.0377912 0.0142364 0.0783772 -0.0762358 0.0930967 -0.0301039 -0.000649752 -0.0127901 -0.0126562 0.102916 -0.0401594 -0.00628567 -0.0478928 -0.112646 0.0337407 -0.12724 0.156161 -0.0832085 -0.055933 -0.0740527 0.0628162 -0.025589 0.200019 0.00611872 0.00996288 0.00631147 -0.0793723 0.0582041 0.0531876 0.137591 0.0595415 -0.0370849 -0.140037 -0.0622935 0.123057 -0.00441714 -0.0461609 0.170616 0.0152988 -0.0522416 0.0593619 -0.0368458 -0.0428588 0.180817 -0.0160944 -0.0514509 -0.0620839 0.0631537 -0.191605 -0.0324551 -0.135747 0.0114062 0.0453494 0.0651568 0.0242733 0.120106 0.0569242 0.0412081 -0.0886599 0.127695 0.020975 0.100739 0.104899 -0.0822369 0.00905012 -0.0702086 -0.0770468 -0.0681251 -0.229567 -0.0157781 0.140324 0.070133 0.0480049 -0.00936721 -0.0454639 -0.19236 0.0779929 -0.182611 -0.0291311 0.107903 0.0840844 0.0264655 -0.0884539 0.0183976 -0.00941855 0.0309644 -0.141241 -0.0849181 -0.0387522 -0.0598327 0.00904156 -0.0824818 -0.0873406 0.08251 0.0926679 -0.00495898 0.0661214 0.058818 
-0.093799 -0.00906372 0.0338469 0.0558156 -0.0431454 0.0389415 0.0332493 0.117027 0.0310692 0.00819027 0.0898225 0.154841 0.107004 -0.140114 0.0939497 0.0702594 0.127154 0.0564889 -0.0460284 -0.0158129 0.00173966 0.0687075 -0.021961 -0.0212187 0.091093 0.0589464 -0.0464951 -0.0698913 0.082321 0.0368827 0.0961198 -0.180653 0.0101541 0.16924 0.142396 -0.153637 0.098581 0.123161 0.0325488 0.0610619 -0.00684898 -0.0807073 0.00943926 0.0810726 0.103123 0.0494408 0.0507196 -0.158421 0.0170782 -0.0595091 -0.0464558 -0.0213338 -0.0689402 -0.235177 0.0491799 -0.0125776 0.0264769 0.0347716 0.190726 -0.0369108 0.129833 -0.0462523 -0.131716 0.045545 0.0156487 0.0920862 0.242095 -8.29637e-05 -0.00984835 0.105749 0.28546 -0.199142 0.0272871 0.168705 -0.0815477 0.204759 0.00150987 -0.104865 -0.120319 0.205838 -0.0237442 0.0529473 0.226056 0.0877039 0.117381 0.0314381 -0.0331041 0.0386575 -0.0775233 -0.00140686 0.0540635 0.021746 -0.0939506 -0.0954863 -0.147115 0.00563385 0.011912 0.0655487 0.0513226 -0.0438777 -0.110689 -0.156351 0.0842867 -0.0520577 0.169191 -0.0189984 -0.0236759 -0.22569 -0.138845 -0.107515 -0.166693 0.14617 0.0159086 -0.187676 0.0638007 -0.0167746 -0.0647889 -0.176909 0.0940021 0.0388346 -0.0489955 0.0766955 0.111176 -0.157492 0.255531 -0.0665685 0.0145048 0.0374103 
0.146137 -0.0535275 0.0179232 0.0383694 0.051014 0.0111174 -0.127644 -0.107476 -0.0545453 -0.0727263 0.0855417 -0.0254248 0.0506654 -0.0235044 0.122318 -0.132824 -0.0193185 -0.049922 0.0077183 0.133008 -0.0640341 -0.0583069 0.0368342 0.0690936 0.0253204 0.0807259 0.081278 -0.090155 0.00049104 0.00623046 0.0596521 -0.134263 -0.137254 -0.155234 0.135972 0.0536243 0.00242211 -0.0327212 -0.0661243 0.0549676 0.0446312 0.0223301 0.201386 0.000661167 0.0200403 -0.0143036 -0.0989355 0.0576049 0.137857 -0.045848 -0.0797762 -0.0774078 -0.0110238 0.0915007 0.120086 -0.159086 -0.0438621 0.0182417 -0.0177662 -0.0426835 0.00668197 0.00675791 0.0902356 0.0486832 -0.0379442 0.0692066 0.0340028 -0.117814 -0.152787 -0.166332 -0.0200465 -0.0305293 -0.0706346 0.037683 0.0575985 0.234925 -0.116899 0.0803938 -0.133998 -0.0309957 0.00416228 -0.0178403 0.121631 -0.0317611 -0.121853 0.0116332 -0.0160137 0.0185931 0.132423 0.055269 -0.0567598 0.0760276 -0.101205 -0.111868 -0.0233324 -0.0295911 -0.0264769 0.0527182 -0.134877 -0.0356917 0.022918 -0.189031 -0.0406386 -0.046227 -0.200068 -0.00738197 0.0107328 -0.0738571 -0.151282 -0.208338 -0.0861692 0.0310993 0.0140197 -0.0593791 -0.147286 -0.0632129 0.00427368 0.0292827 -0.155992 -0.141432 0.101014 0.062059 0.0545847 -0.149715 -0.0444968 -0.159554 0.132568 -0.104261 
0.0218556 0.109015 -0.096149 0.00252062 0.10255 -0.0810332 -0.0711152 -0.0212179 0.148197 0.141485 0.0674904 0.148406 0.0834118 0.0142434 0.0890703 0.0743296 0.0875162 0.150774 -0.0415811 0.101405 -0.159962 -0.00250289 0.0659177 0.0519204 0.0654179 0.0889781 -0.00981205 -0.0209551 0.046163 -0.162677 0.0446407 0.126206 -0.113517 -0.110039 -0.0917673 -0.0195938 -0.117067 -0.113548 -0.0904545 -0.201792 0.0535018 -0.0561207 0.0711505 0.264768 0.0293273 -0.135724 -0.227621 -0.0735933 0.0119231 -0.00656066 -0.000964674 0.0356219 -0.0613354 -0.038041 -0.0565253 0.0161212 0.122015 -0.0636229 0.101699 -0.00462478 0.0536492 0.0718283 0.0640219 0.0474037 0.0210651 -0.0304721 0.123956 0.13377 -0.0825459 0.188511 0.0274085 0.133701 0.140344 0.0506099 0.0121337 0.108277 -0.0631593 0.144823 -0.107408 -0.0527036 0.157832 -0.0922768 0.0747744 0.0952389 -0.103688 -0.272578 -0.0723658 -0.00268717 0.148428 -0.00033871 -0.034404 -0.0910175 -0.00716654 0.0402353 -0.0201841 0.121485 -0.145616 0.124804 0.310605 0.16266 -0.0149789 0.0622319 0.299439 0.0926565 -0.0807011 0.0134799 0.0757306 -0.0769737 -0.01936 0.0177642 0.0282595 -0.0599214 -0.0702589 0.0150569 0.11725 -0.128064 -0.0679727 -0.128581 0.16728 0.00330981 0.0360175 -0.0852683 0.0449396 0.193916 0.0571935 0.0997347 -0.0593136 0.00276117 
0.176916 -0.330849 0.0313252 0.106296 0.0751938 0.213135 -0.00194911 0.0880501 0.00720315 -0.0202999 -0.0807486 0.0578245 0.100238 -0.140411 0.11127 4.64099e-05 0.182511 -0.00914964 -0.0498138 0.0968227 0.0200083 0.101646 -0.0308291 -0.159316 -0.324081 0.0831513 -0.0990545 0.1502 0.149096 0.22072 -0.146237 -0.108921 0.0394285 0.143081 0.0360778 0.143883 -0.130585 -0.0128793 -0.273197 -0.0255127 0.0569496 -0.0521616 0.159321 0.270611 0.189335 -0.0245605 -0.0978947 -0.196537 0.190159 0.159344 0.0589153 -0.193938 0.184041 0.0169699 -0.0546654 0.0905727 0.102881 0.0321826 0.00648613 0.0811407 0.0610705 0.0314196 0.113871 0.0494858 0.133649 -0.0464322 0.217691 0.185555 0.0727849 0.0089627 0.19704 -0.034211 0.196709 0.0623055 -0.0454493 0.158792 -0.138542 -0.00517907 -0.0463063 0.200951 0.0747203 -0.0762622 0.0762193 0.146405 0.104045 -0.0185429 -0.0318339 -0.0910517 -0.0238148 0.0334348 -0.0772555 0.0757021 0.0644429 -0.0532276 -0.0217693 -0.121822 -0.117356 -0.0686712 0.219319 0.0286786 0.00624831 -0.112703 0.038285 0.0318876 0.0365577 0.0116297 -0.124786 0.0877879 0.0622908 -0.0742768 0.0943822 -0.104352 -0.237706 -0.0622158 0.145791 -0.0420551 -0.147876 -0.176424 -0.0512135 0.0235781 -0.233961 -0.104159 0.0822468 -0.0550852 -0.071979 0.0418279 0.123379 0.174148 
-0.0376079 -0.120657 0.0137507 -0.0597598 0.128169 -0.0375062 -0.031633 -0.127929 -0.0799132 0.00278432 0.0131456 0.141667 -0.0153573 -0.0266074 -0.0759928 0.0254119 0.0547784 -0.184328 -0.010048 -0.0543109 0.093107 -0.0203394 -0.0354415 -0.0882775 0.0821315 -0.126865 -0.0490773 -0.0103701 0.124142 0.0301769 -0.0863199 -0.0219218 -0.0336454 0.137962 0.121852 -0.0625098 0.0786932 -0.0692887 -0.171225 -0.126144 0.0837139 -0.103201 -0.0539639 -0.0401447 0.0698595 -0.181954 -0.0273592 0.106179 0.0243847 -0.114545 0.00314153 -0.0738373 0.0763929 0.104509 0.0949668 -0.0389701 -0.244838 -0.0239534 0.0177734 0.0558492 0.0880633 0.00299547 0.0899778 0.010903 0.0792196 -0.0506805 0.021163 -0.171675 0.061108 -0.112461 -0.0424183 -0.0839769 0.0306355 -0.0526049 -0.252988 -0.139259 -0.174438 -0.0646365 0.000657313 0.0425524 -0.161909 -0.0573524 0.0416355 -0.0860338 0.0119245 -0.00596501 0.150574 -0.0363692 0.0528075 0.0513302 0.11586 -0.0172356 -0.0182652 0.0666683 -0.00240305 -0.0634408 0.0588349 -0.096526 -0.0128901 -0.135889 0.102535 0.0701335 -0.172443 0.0773457 0.010942 -0.00249918 0.144441 -0.0475176 -0.0933464 -0.00483974 0.181589 -0.0331053 -0.002148 -0.170035 0.124455 0.125491 0.062488 0.123112 -0.0149702 -0.139291 -0.0465001 -0.0890925 0.0646416 0.0178202 -0.0068922 0.151511 -0.0864089 0.112722 
0.197068 -0.0512349 0.0426972 -0.00658405 -0.180231 0.120661 0.0761347 0.0760559 0.0340112 -0.0775409 0.125095 -0.0165189 0.102921 0.186316 -0.301212 0.0207361 -0.0656161 -0.0263107 -0.148362 0.265014 -0.0490769 -0.0137834 0.166696 0.117393 0.0698184 0.0479947 0.0381452 -0.0189645 -0.0643174 -0.0852927 0.0728358 -0.152333 -0.0232202 0.00122236 -0.0576193 0.0207596 0.175636 -0.0418867 0.093771 -0.0761998 -0.00995471 -0.0520776 -0.15571 0.0556322 0.0769645 -0.18104 -0.0118269 -0.156412 -0.0905541 0.0227813 -0.0804127 -0.00389354 0.077022 0.0556577 0.0169236 0.0823836 -0.0265958 -0.0167552 0.104167 0.022456 -0.153726 0.0442578 -0.0297772 0.0503322 -0.1706 0.0750121 -0.0847259 0.0221346 -0.0434786 0.0198044 0.00380482 0.0907763 -0.00560613 -0.153729 -0.139385 0.0254082 -0.149733 0.00811282 -0.0774266 0.022743 -0.135664 -0.0982863 0.0929438 0.160245 0.132731 -0.295686 -0.115572 -0.0233282 0.0604884 -0.0130173 -0.0721754 0.102209 -0.136411 -0.0593713 0.0521234 0.242482 -0.0291078 -0.0526402 -0.0421575 -0.170634 -0.0927839 0.0338961 0.0865492 0.0715956 -0.122006 -0.049372 0.13659 0.117727 0.0204588 -0.0640403 0.0352701 0.0182005 0.128037 0.0566094 0.154759 0.108187 0.0667366 0.0491432 -0.102301 0.0641828 0.0185571 -0.131055 0.109561 0.0344917 0.0854075 0.00199847 -0.117619 -0.151372 
0.0830693 0.023262 0.13383 -0.0879763 0.248921 0.197561 0.0639013 -0.0608973 0.045462 0.290386 -0.0631683 0.198123 0.221223 -0.00271346 0.131351 -0.0628184 -0.00279354 -0.0662977 0.0721611 -0.331549 -0.065468 0.1169 -0.0885567 0.086314 0.197497 -0.0475037 -0.082199 0.0103557 -0.161216 -0.109492 0.0232494 0.0149885 -0.0188345 -0.00857855 0.102451 0.143029 0.0937783 -0.144221 0.244318 -0.0895747 -0.0784271 0.173483 -0.208423 -0.0578997 -0.108455 0.389837 -0.151322 0.16234 0.0434676 -0.0588643 0.0993032 0.0157703 0.0674986 0.0880274 0.260813 0.144185 0.175711 -0.151739 -0.0082245 -0.0673418 0.00871877 0.191666 -0.0948711 0.20376 -0.0351926 0.204058 0.00052743 -0.0275886 -0.125029 0.0525508 -0.0384964 -0.00263141 0.101234 -0.0670153 0.182683 0.00122577 0.111852 0.0329782 0.0282416 -0.128789 0.0156418 0.103382 -0.0490658 -0.132923 0.104734 0.0480988 -0.022884 0.125141 -0.0817953 -0.0517236 0.0253464 0.185381 0.0760466 -0.116226 -0.0138172 0.0424578 -0.000210711 0.0187536 0.130956 0.00150279 -0.0835517 0.142795 -0.184224 -0.0229286 -0.0416838 0.190789 -0.274909 -0.0411147 0.0580041 0.0607207 0.0637345 0.051246 0.00222552 0.0101239 -0.0710001 -0.0533012 -0.0569526 -0.0563285 0.133835 0.0558317 0.035902 0.0724705 0.182971 -0.0197213 -0.0614563 -0.0453014 0.216813 -0.0300899 
-0.00159639 -0.0166383 -0.0248734 0.113376 -0.078225 -0.222545 0.0164246 -0.0829876 -0.195776 0.012013 0.0348737 0.106898 -0.0924521 -0.123763 0.165377 0.083169 0.0535694 -0.129965 -0.0544839 -0.331139 -0.0705726 0.081634 0.15087 0.123928 0.287945 -0.115991 -0.160423 0.234249 0.0998197 -0.481842 0.090754 0.106752 -0.0797936 -0.0127861 -0.0630948 -0.140184 0.202755 -0.209021 -0.0710356 0.0301022 -0.0463859 0.0114218 -0.0390855 0.0526332 0.150772 0.380964 -0.0937432 0.217586 -0.130208 -0.0774176 -0.207654 0.151179 0.129006 0.00758028 -0.0974532 0.0762592 0.213516 0.133153 -0.194133 0.0642661 -0.113005 -0.0594757 0.0762715 0.0341681 -0.13175 0.0693089 0.0991149 -0.0521176 -0.235811 0.0586942 -0.108213 -0.106995 0.111189 0.0094869 0.0539988 0.0286347 -0.0367168 -0.13276 0.052919 0.178675 0.152236 -0.0232708 0.0127925 0.0411586 0.206147 0.159674 -0.0624273 0.0823703 0.184275 0.046617 0.138823 -0.115144 -0.164197 -0.129971 -0.101284 -0.12058 0.305464 0.00799568 0.103459 0.0553641 0.018828 0.0718433 0.142772 -0.0839583 -0.122297 0.0369594 -0.223294 -0.116733 -0.0165166 -0.175679 0.0421326 0.0376567 -0.203739 -0.193552 -0.0536753 -0.290354 -0.140341 -0.241397 0.11026 -0.0532701 0.3118 0.097021 0.162138 0.0580825 -0.117899 -0.00405601 0.0441355 -0.298649 
0.0654804 0.0240424 -0.00140269 0.0179114 -0.0569464 0.0536555 0.0605381 0.0119896 -0.13628 -0.0109922 -0.0136489 -0.0852803 0.073495 -0.087544 0.263665 -0.0556775 -0.0690659 -0.0983525 0.0580228 -0.0468529 0.0776393 0.183629 -0.0808035 -0.0512624 0.198761 -0.0283703 0.0716107 0.0732134 0.0234677 -0.0444238 0.111469 0.144092 0.204611 -0.0444661 0.135929 -0.00903919 -0.103337 -0.0718459 0.036601 -0.111013 -0.127232 0.0273578 -0.0359974 0.165161 -0.0580123 0.0128799 -0.095517 -0.0771852 -0.00631806 -0.17067 0.0402873 -0.0117061 -0.0551135 -0.135171 0.0562783 -0.0552491 0.0291179 0.129549 -0.143857 0.0977704 0.128489 -0.0569505 -0.0159282 -0.0783515 0.0090407 -0.23126 0.0587411 0.0611726 0.0360917 -0.0420496 0.0608912 0.00850542 0.0942162 -0.201399 -0.0322727 -0.0464707 -0.0901595 0.0502525 0.0895054 0.13253 0.0999018 -0.13043 -0.0432834 0.0427678 -0.0566661 -0.0738794 -0.120206 -0.121811 -0.0627592 0.172134 -0.0762092 -0.0418753 0.102331 -0.0914489 0.0740092 0.103387 0.0684824 0.110569 -0.076017 -0.0560616 0.0185443 0.00591999 0.0319948 -0.0514035 0.124014 -0.0118023 0.048779 -0.0793746 -0.0817125 -0.143038 0.0839617 0.0200281 -0.0913234 -0.0136399 -0.114987 -0.00534306 -0.0410942 0.00394364 0.0595181 -0.1533 0.0811086 -0.0398464 0.0996766 -0.226564 -0.0270428 0.0597525 0.0126676 0.138691 
-0.162359 0.0348802 0.110981 0.168216 -0.0552059 0.0261863 0.121541 0.0246319 -0.0320093 0.128075 -0.012026 0.0877807 0.0183313 -0.0302185 -0.0514231 0.0533651 0.0134968 0.0530239 0.0663727 -0.0518439 -0.0502813 -0.026978 -0.0789773 0.110456 -0.0344909 0.0380276 -0.068924 -0.0171868 -0.247944 0.096488 -0.10383 0.172425 0.0109878 0.132482 -0.222873 -0.0153519 0.223992 -0.00713998 -0.0409149 -0.000440598 0.0836046 0.0244445 -0.0301899 -0.0390734 0.00549133 -0.132527 0.0308166 0.0574345 0.114859 0.0525585 0.292671 -0.262289 -0.0494887 -0.143107 0.0331758 0.0801289 -0.0133202 0.0379932 0.0703585 0.0277011 0.0759607 -0.0673818 0.176571 0.127376 -0.0383311 0.00153901 -0.0471482 -0.155739 -0.0461764 0.0394533 -0.0431432 0.0974272 0.165276 0.134631 0.141777 -0.0331528 -0.00902604 0.185457 0.0664469 0.0770124 -0.0170285 0.167342 -0.107638 -0.161885 -0.00353651 0.0315595 0.308957 -0.000343853 0.0590075 -0.135216 0.229281 0.0723989 -0.00222368 -0.251917 -0.0367128 0.0434341 -0.20452 -0.11172 0.0871771 -0.0240605 0.0502466 -0.0737381 0.0915222 -0.14199 -0.00431886 -0.0229373 -0.222682 -0.148435 -0.138587 -0.112722 -0.135196 -0.0799892 -0.142863 -0.052411 0.0459987 0.0381913 -0.0969282 -0.121832 -0.0869588 0.0694716 0.0275507 0.120453 0.0336487 -0.0774223 0.175928 0.0339162 0.0198834 -0.141496 
0.0846886 -0.0927088 -0.0415282 0.0803582 0.0618564 0.151581 -0.186408 0.123731 -0.0927414 -0.00790404 -0.186077 0.041463 0.0265305 -0.248264 0.0344437 -0.122175 0.142401 -0.0654704 -0.0811981 0.0335201 -0.238262 0.182998 -0.170677 -0.111408 -0.0236978 0.0324618 -0.071874 -0.203723 0.0782923 0.337733 0.00623966 -0.134035 -0.00265153 0.106924 0.151563 -0.204187 -0.16914 0.281014 0.0358667 0.0838864 -0.197755 0.0153937 0.0750267 -0.0120539 -0.0832844 0.0782746 -0.235025 -0.00288059 0.0486068 -0.0710739 -0.115162 -0.0223128 0.0740706 0.0195712 0.0244022 -0.165282 0.0889669 -0.183907 0.0489651 -0.134763 -0.0801763 0.0874171 -0.176625 -0.0201348 0.0734011 -0.0726586 0.139325 0.016374 0.128261 -0.042459 0.040667 -0.092823 0.0138135 0.0851768 0.191102 0.203104 -0.158994 -0.0328893 -0.0581849 0.107669 -0.124994 0.0972508 0.0791398 0.0697416 0.0379985 -0.0589465 -0.0582176 -0.0777578 0.0438843 0.109581 0.0278847 0.00622003 -0.0605367 -0.0228162 0.0843079 -0.171003 -0.0474076 -0.100683 0.161732 0.214756 0.146578 0.124831 0.00559007 -0.0676775 0.0673784 0.109819 -0.143422 0.0503729 0.0609916 0.211937 -0.110784 0.011676 -0.283449 -0.0560171 0.0246842 -0.0252853 -0.142047 -0.0226205 -0.0436195 0.0125849 -0.00407967 0.0692288 0.10744 -0.205411 0.123199 0.128091 0.0417984 0.17318 
-0.0490259 0.0212307 -0.0714153 -0.030339 -0.0931968 0.0679517 -0.0171556 -0.0985616 0.0515113 -0.0310356 -0.0535317 -0.0771306 0.0322283 -0.0658155 0.00916311 -0.0188418 -0.143681 0.0583106 -0.0101691 0.14115 -0.13888 -0.0687157 -0.187476 -0.0106073 -0.2191 0.0865188 0.0785869 -0.0848378 -0.123672 0.238816 -0.118246 -0.0790072 -0.119482 -0.173105 0.264972 0.000194854 -0.0681333 0.0486484 -0.121778 -0.0516768 0.0759422 -0.00043623 0.0956971 0.0282619 -0.117872 -0.0660645 0.0477863 0.157725 0.108504 0.107992 0.0138988 -0.157962 -0.0580739 0.0536145 0.169044 -0.0940657 -0.0391349 -0.00869857 0.0544072 -0.216767 0.0378961 0.00288661 -0.0131571 0.0408725 -0.0573173 -0.00162165 -0.225174 0.0401874 0.0164273 -0.143194 -0.0605521 -0.103643 0.101225 -0.0902187 0.256028 -0.0512 -0.0404272 0.0279544 0.110569 -0.000434389 -0.0304154 -0.0127273 0.0971118 -0.18065 0.0565281 0.0100754 -0.107065 -0.051575 -0.221166 0.110246 0.0311294 -0.0668044 0.011796 0.0753903 0.0215958 -0.0502648 -0.128754 -0.0130825 -0.0388868 -0.00249921 0.050522 -0.0428031 0.0425991 -0.00055265 -0.0284899 -0.152144 0.0721428 -0.102413 -0.043264 -0.0222023 -0.0734467 0.0506821 -0.0565871 -0.0213103 -0.0947782 0.188949 -0.207005 0.0330066 0.119389 0.00270539 -0.126626 0.0031591 0.0075279 -0.0941103 0.00629544 -0.00815553 -0.0153795 -0.135699 
-0.00520863 -0.0905061 0.125458 -0.251067 -0.00821911 -0.00995891 0.058451 -0.0261109 0.0134727 0.0388569 -0.107237 0.0362625 -0.0827473 -0.102477 0.0416389 -0.0442629 -0.0521017 0.18457 0.173604 -0.111402 -0.0922184 0.0459234 0.180523 -0.0175759 -0.0806927 -0.184808 0.108793 -0.0203409 0.0969734 -0.00662469 0.0303308 -0.00422314 -0.0305582 -0.0455905 0.0721037 0.0260554 -0.113832 0.146029 -0.129865 0.0484146 0.131646 0.0310982 -0.00408181 0.000237065 0.017443 0.00404718 -0.0898759 0.031656 -0.114086 -0.13847 0.0467325 -0.153041 -0.0438518 -0.0358535 -0.104304 0.057308 -0.0210735 0.192057 0.00158307 0.155898 -0.0594039 -0.16259 0.0620188 -0.0144167 0.0249891 -0.0164724 0.0961511 0.146204 -0.076352 -0.0432209 0.129617 0.000787385 -0.0888236 0.272768 -0.135929 -0.0104757 0.017678 0.0144995 -0.0316627 -0.144542 -0.119 0.0410883 0.00360938 -0.113765 -0.121256 -0.00243113 -0.0907872 -0.0183006 -0.00375997 0.0470258 0.0110268 -0.0390019 -0.0389125 0.0687161 0.00353437 -0.00710874 0.064434 0.0863598 -0.0416523 0.0732058 -0.0929775 -0.0723182 0.0663405 -0.0767369 -0.0574834 0.088538 0.0182535 0.155205 -0.128383 0.104554 0.118037 0.0414105 -0.025731 -0.0372757 0.0421041 0.0226153 -0.0483309 0.0143665 -0.0904692 0.0614139 0.156236 -0.0567905 -0.106208 0.0590131 0.0361397 0.111781 0.0655606 0.0707483 
-0.200327 -0.0925935 -0.00258763 0.00550157 0.0247589 0.0300724 -0.0163737 0.0632548 -0.0122238 0.0366796 0.0815854 -0.0637161 -0.0534287 -0.0984827 -0.0291744 -0.0282231 0.0110926 -0.114777 -0.110589 -0.0493753 -0.176176 -0.022393 -0.0275143 0.0191665 0.104071 -0.013886 -0.130623 0.00191294 0.0831275 0.030268 0.145116 -0.0152172 0.0129165 -0.110505 -0.0275919 -0.140987 -0.195736 -0.026484 -0.00702656 -0.16352 0.113287 0.152147 -0.121433 0.0993777 -0.0568164 -0.103094 -0.0756884 -0.136258 -0.0579519 0.00575992 -0.043821 -0.0739818 -0.0458557 0.146895 -0.00454774 0.0445412 -0.0220319 -0.140744 -0.141212 0.131522 0.0558563 -0.0678088 -0.0608659 -0.0956115 0.0310792 0.0394712 -0.054666 -0.1387 0.0374311 0.0532201 0.0252528 -0.00592351 -0.000817369 0.00500182 0.0483504 -0.0396599 0.0272209 0.0946822 0.0564159 -0.0229814 0.062707 -0.0147651 -0.0635176 -0.066239 -0.0237004 -0.0880247 -0.0334349 -0.09728 0.0270223 -0.0207404 -0.0154164 0.0309971 0.10707 0.0460201 -0.0284449 -0.0934614 0.180706 0.0243405 -0.0796137 0.144427 0.0967185 -0.0636663 0.0170301 0.0538193 -0.116472 0.0261046 -0.0337421 0.0615594 0.0852996 -0.123367 -0.122059 0.0904118 -0.0421784 -0.0208258 0.0586791 -0.0994889 -0.0651618 0.0161058 0.0828253 -0.0118208 0.00165227 -0.00371021 -0.0980932 -0.0350328 0.00322731 0.103012 -0.115039 -0.00911391 
0.123556 -0.137367 -0.0217799 0.0317017 -0.0247599 0.201627 -0.0327452 0.00620636 0.023397 -0.0821221 0.0510891 -0.0141368 0.0437324 -0.0337472 0.315447 -0.0613269 0.0909551 0.0600436 0.241246 0.0981217 0.0857191 0.103594 -0.09358 -0.176613 -0.0040167 0.122353 0.0458381 0.142733 0.0189016 0.0661245 -0.222437 0.0708019 -0.0430429 -0.0406955 -0.0783277 0.235241 0.0379759 0.0858454 -0.0770934 0.0422463 0.063188 -0.0367128 0.188764 0.0737027 -0.0680105 -0.115608 -0.0475526 -0.148996 0.122725 -0.0558647 -0.0973388 -0.144991 -0.0889565 0.0611208 0.12126 -0.0164015 -0.0111523 -0.0877553 0.14405 -0.19547 -0.0114626 0.0962961 -0.128942 0.110094 0.0253373 0.0634588 -0.0576166 -0.00911166 -0.187541 0.09044 0.132476 -0.0605718 0.198051 0.000772222 -0.149476 0.133731 -0.123861 0.0211318 -0.0353638 -0.0587901 0.0706108 0.153816 0.158388 0.0481916 0.0756643 -0.0123258 -0.0792312 0.031556 0.0194247 -0.0830685 -0.114782 -0.0332099 -0.0608171 0.0228284 -0.0861104 0.212121 -0.14289 0.00327675 0.183554 0.130187 -0.0446718 0.0563426 0.0348298 0.0932673 0.0934221 0.0359802 -0.0801611 0.0823246 -0.142269 -0.215673 -0.100174 -0.0708231 -0.241265 0.038466 0.146443 0.134298 -0.0132055 -0.13855 -0.00588122 0.0539235 -0.0461715 0.0326804 0.123454 -0.0608651 0.0649908 0.0982282 -0.0454199 0.0917959 
-0.0537585 0.0268879 0.0697124 -0.00470133 -0.146701 -0.0806343 0.0711671 -0.0549328 -0.0882104 -0.077316 -0.120691 0.209525 0.015771 0.169942 0.10827 -0.175643 0.0137498 0.069003 -0.0635345 0.0468858 -0.00117031 0.0390942 0.0717853 -0.0568483 0.000548574 0.0916153 0.0243465 -0.00960985 -0.0957315 0.0627006 -0.00242837 0.00205938 -0.0475669 -0.173175 0.00867935 0.164425 -0.0749411 -0.0346276 -0.0472263 0.00852432 -0.0864443 0.0628045 0.0324354 -0.155838 -0.0298041 -0.0213146 -0.0483243 -0.137572 0.0709672 -0.0812019 -0.101692 0.115803 0.167472 0.0535656 0.069065 -0.0124223 -0.0192977 0.149334 -0.0150119 -0.125898 -0.0401192 -0.142516 0.0287399 0.0286657 0.12356 -0.020177 0.146402 -0.102129 -0.0522165 0.0860756 0.00302828 -0.174259 -0.0611752 -0.0695532 -0.0410694 0.0978576 0.0407362 -0.150993 -0.0721894 -0.0493961 -0.117611 0.081438 0.0259429 0.000315744 -0.107613 0.0577097 0.00732189 -0.183238 0.166405 0.210996 -0.0577305 0.017521 -0.0193209 0.0258979 0.0653712 0.00188645 -0.0910605 -0.138838 0.100486 0.0442309 0.0592648 0.0593607 -0.026817 -0.0508982 0.00996705 -0.0863898 -0.0400653 -0.0391464 -0.313342 0.0915805 0.0655368 0.0503161 -0.075465 0.0183079 0.0272587 -0.050621 -0.0858003 -0.0618297 0.0129815 0.151519 0.09538 -0.0986806 -0.126261 0.0358589 -0.0597162 -0.00386429 0.0450254 -0.0521656 
-0.115701 -0.01067 -0.0446213 -0.177794 -0.0876099 -0.0957959 -0.0161707 -0.0759938 0.0297434 -0.020118 0.0117494 -0.0503471 -0.0420715 -0.0295016 -0.0341877 0.0262765 0.124222 0.0915726 0.123707 0.025641 0.135069 0.00740144 0.139753 -0.129803 0.00823824 0.0498705 -0.0981612 0.0718166 0.105131 0.0914142 0.0850357 -0.216945 0.0228748 -0.0617805 -0.0365878 -0.209466 0.00773795 -0.16146 0.0210784 -0.0409913 0.0397987 -0.0383251 -0.102625 -0.0618125 0.0993216 -0.0128504 0.0801882 0.0331826 0.00293534 -0.01867 -0.0773137 -0.156253 -0.0696883 -0.0191955 -0.0145118 0.0707631 -0.145894 0.00379089 -0.0717881 0.0456952 -0.0145488 0.179279 -0.10753 -0.0899298 0.104333 -0.0283648 3.44539e-05 0.00917537 -0.0199916 -0.00794937 0.0160468 0.0985812 0.080858 0.00207289 -0.0341309 -0.0195153 -0.0157309 0.0499749 0.0558109 -0.0838572 0.120185 -0.241331 0.0842956 0.0377301 0.0298202 0.114809 -0.00733487 -0.00110077 -0.0642555 0.0558673 0.015406 -0.0342957 -0.0270551 -0.198554 -0.0759379 0.0299867 -0.0133129 0.0348873 0.0162747 -6.66747e-05 -0.0441346 0.0919117 0.00824079 -0.111261 0.0778615 0.103031 -0.155508 0.190234 0.0705386 0.0214911 0.123722 0.0438645 0.0507011 0.100328 0.0129907 0.0766709 -0.106706 0.0918901 0.173919 -0.0667263 -0.0610241 -0.037145 -0.0209463 -0.0467075 0.126592 0.0407877 0.0870904 0.0456444 
-0.172273 0.165072 0.113113 -0.0803115 -0.0155163 -0.0996932 0.0683326 -0.0102648 -0.0628351 0.0505876 0.0468385 -0.0275195 0.0275509 -0.0353482 0.0444043 0.00340085 0.104819 -0.0985412 -0.0711588 0.122065 0.160659 0.0402139 -0.1895 -0.0286164 0.00281446 -0.0196863 -0.0583019 -0.142927 0.0195478 -0.146599 -0.0274707 -0.0364976 0.0263556 0.0733098 -0.0126927 -0.0799907 0.0508361 0.0590319 -0.0475405 0.0417495 0.0191699 0.0371414 0.0139185 -0.051507 0.000524197 -0.0433175 -0.00737707 -0.0165952 -0.147048 -0.0961882 -0.0988326 -0.0316664 -0.0235142 -0.0119615 -0.151362 0.117638 -0.012032 0.0737523 -0.244494 -0.0790447 -0.111383 -0.115707 -0.0659638 0.0478393 -0.0618758 -0.10246 0.141812 -0.114167 -0.125485 -0.0700633 -0.185422 0.0201861 -0.033994 -0.0270178 0.0378067 0.176541 -0.0567771 -0.00314811 0.0495957 0.0875866 0.00103634 -0.00873572 0.137384 -0.0398833 -0.15921 -0.00281026 -0.10572 -0.021536 -0.0718897 -0.0854377 -0.0149999 -0.0535576 0.0382029 0.0281251 -0.0393253 -0.184473 0.0975807 -0.00994927 -0.0437028 -0.0774307 0.0543127 -0.180209 -0.0754726 0.160014 -0.00357075 0.107981 -0.108381 0.20877 -0.068971 -0.00732131 0.0283938 0.13405 -0.0749849 0.0250838 0.0405451 -0.00541129 0.0889778 0.00680915 -0.223449 -0.0297429 0.0712796 -0.0664406 0.0583796 -0.00712231 -0.0214003 -0.0582121 -0.0301213 0.0485675 
0.0696889 -0.0191693 0.0551679 0.0370413 -0.0893828 0.0303596 -0.059978 -0.147689 -0.025003 0.0022052 -0.243085 0.180594 -0.135223 -0.14661 0.0993911 -0.045171 -0.0549165 0.0316939 -0.00654371 0.00444926 -0.0489077 -0.0379659 0.0182809 0.0121387 -0.127392 -0.139217 0.0271526 -0.0537119 0.0364257 0.13647 0.0564754 0.0620991 0.0489151 0.295285 -0.0747976 -0.000869614 -0.124815 0.119208 -0.170833 -0.104492 -0.0356908 0.106361 -0.0432777 -0.0257093 -0.093045 -0.0848264 -0.150297 -0.150684 0.00114273 -0.0371559 0.00872647 0.0110005 0.129331 -0.128325 0.0997747 0.0760198 0.00171607 0.205651 0.152329 -0.0868276 0.0166261 -0.0948983 -0.0393218 0.0522561 -0.0229978 0.0141293 -0.058781 0.172777 0.0566941 -0.0236825 0.185033 0.053268 0.17382 0.179362 0.148133 -0.0686771 0.0580771 0.0101119 -0.00227631 0.163994 -0.161871 -0.0550983 0.152418 0.112208 -0.0888383 -0.0195276 0.0339938 -0.105355 0.0170345 -0.0312122 -0.122708 -0.00895412 -0.0230067 -0.0795867 0.0531991 -0.180886 -0.101717 -0.101828 -0.0830166 -0.122297 0.10368 -0.152772 0.117921 -0.154313 0.147851 -0.0579754 -0.231293 0.00276323 -0.0980018 -0.214425 -0.12724 0.099475 -0.228367 0.0323502 -0.151917 0.119637 -0.134517 0.0411941 -0.212783 0.0163601 0.105978 0.0932093 0.0232112 -0.0470846 0.0904422 -0.167597 0.125377 -0.0329613 
0.0419052 0.0856671 0.0112787 0.190213 -0.0151323 0.256239 -0.0647975 0.0305774 0.0421431 -0.206439 -0.0478492 0.03557 -0.095319 0.0212065 0.047477 0.177292 0.0396961 -0.0292057 0.0142722 0.0690423 0.114712 -0.114273 -0.0289852 0.013383 -0.00979486 0.028287 0.0116364 0.0930691 -0.0404052 0.0310491 -0.196463 -0.0601922 0.00889509 -0.101787 0.140867 0.120292 0.0879201 0.0589653 -0.11787 -0.0656274 -0.0956363 -0.0834474 -0.182237 0.116553 -0.0351716 0.0966872 0.042934 0.159831 0.0757539 -0.178664 -0.0137681 -0.188155 0.0439608 0.0143379 -0.0457036 0.0633368 0.076611 -0.122244 -0.00204319 0.153081 0.281461 -0.102101 0.0645496 0.00379252 -0.0784188 0.0161089 0.0311697 -0.115489 -0.0964546 -0.0195544 -0.0318989 -0.16363 0.0191835 0.0304846 -0.0976352 0.134536 -0.0908587 0.00273022 -0.0825475 0.0391296 0.00523503 -0.139024 -0.0956033 -0.192883 0.0916342 0.142892 0.0237047 -0.0165355 0.123495 0.11781 0.0865187 0.130549 -0.0706512 -0.328153 -0.0326665 -0.0268636 0.0489652 0.0507408 -0.0655014 0.0271352 0.194918 -0.158883 -0.100454 0.165302 -0.00699286 -0.00908773 -0.158708 -0.00181422 0.105681 -0.0838652 0.00752988 0.0259245 -0.179577 -0.0288667 -0.0707961 -0.142282 -0.0681463 0.0337739 -0.0767394 -0.20025 0.240068 -0.00272456 -0.0355012 -0.048711 -0.00107862 0.148131 0.0425654 -0.0406481 
-0.0222381 0.0587498 0.160439 -0.0802755 0.184964 -0.252906 -0.0331546 -0.147083 -0.0856832 0.0796613 0.0591078 0.113809 -0.0461549 -0.00269038 -0.0642053 -0.120027 0.036207 -0.105328 0.00515817 -0.117224 -0.0704761 0.0159519 0.025018 0.319648 0.113582 -0.072683 0.0238213 0.210415 -0.0170451 -0.131597 0.207879 0.221713 0.0278177 0.0341625 -0.0412201 -0.115862 0.0393225 -0.277583 -0.0648501 0.274247 0.0554844 0.0654396 0.0566389 -0.10342 -0.0486983 -0.0170533 0.117971 0.0269635 -0.174549 -0.0350468 -0.122707 0.181018 -0.0826094 0.012679 -0.0975219 0.0115561 -0.111295 -0.199247 -0.103642 -0.0982022 0.00366188 0.0231677 0.0273075 -0.0105768 0.0403096 -0.00740203 -0.111722 -0.12544 -0.0470281 -0.127705 -0.214346 -0.0251399 -0.164919 -0.0713693 0.197239 -0.107572 -0.0800446 -0.0186061 0.286227 -0.0669195 -0.139316 -0.0411277 0.0130131 -0.094624 0.070712 0.0572282 0.105289 0.229046 0.083355 0.0609055 0.0175936 -0.155658 0.0768783 0.00861871 -0.00415398 0.0483345 -0.116485 0.0429133 -0.0897928 -0.00676834 -0.0522899 -0.0622686 -0.0876285 -0.0549523 0.0575237 -0.0784776 0.0256304 0.1624 -0.0264071 -0.0468548 0.144237 0.0366927 0.0390882 0.0124764 -0.248875 -0.151212 0.0345432 0.148908 0.0848726 0.0487992 0.063332 0.0174503 -0.0828147 0.0802495 -0.149591 -0.0194879 0.0329625 -0.234419 
-0.0595123 -0.167878 0.209759 -0.140238 0.0700256 0.0606057 -0.034685 0.0916039 -0.0642966 0.0419369 0.283628 -0.0232132 0.0905712 0.10149 -0.0237702 -0.141939 -0.297377 -0.0555977 -0.0730665 0.0493011 0.0183834 0.163605 -0.0833403 0.0920273 0.00313952 -0.246192 0.0241026 -0.047143 -0.0466874 -0.1718 0.0604452 -0.00907125 -0.0698716 0.0426997 -0.0160182 0.0121612 0.0149808 0.14872 -0.144889 0.223717 0.112088 0.123202 0.0925352 -0.0682069 0.0270513 0.00705398 -0.170942 0.0445699 -0.0199837 -0.0812908 -0.0282307 0.225539 0.076892 0.0252412 -0.112483 0.0614536 0.0318992 0.0917093 0.0152165 0.00891547 -0.0223776 0.0756808 -0.150312 -0.152521 0.0192031 -0.111895 -0.0433901 0.119696 -0.0324538 -0.062142 -0.0809085 -0.148667 0.0310286 0.168179 0.0846835 -0.181314 -0.0223433 0.148955 0.0535839 -0.118948 0.0455035 -0.0923524 0.0533645 -0.0744113 0.00873628 0.0289613 -0.0709681 -0.0168845 0.0649709 0.0475978 -0.0429348 -0.0808046 -0.0561035 0.132413 -0.0959748 -0.0172494 -0.0106507 -0.0958519 -0.159304 -0.0950223 -0.0487738 0.117114 -0.00101249 -0.0259846 0.0455449 -0.114003 0.0672196 -0.0437064 0.0858541 0.0584512 -0.0652712 0.00440375 0.102764 0.0432522 -0.153938 0.113496 -0.0790261 -0.0509399 -0.021804 0.066546 0.0190292 -0.10342 -0.0709796 -0.0422569 0.0435972 0.0456371 -0.216861 -0.0693148 
0.157608 -0.0151317 -0.0446023 0.00905977 -0.0728786 0.113837 -0.0854207 -0.0842359 0.0869042 0.0080725 0.0768473 -0.116977 -0.0612846 0.0954902 0.0705375 0.139994 0.00687206 0.0350309 0.0970986 0.0727414 -0.19052 -0.173416 0.0864137 0.0520671 0.0507577 0.138771 -0.0849098 0.0739166 -0.162919 -0.0815321 -0.0978517 -0.107309 0.0161193 0.00543244 -0.0873093 0.0736404 0.0572037 -0.0658827 -0.00203454 0.0645092 0.0877313 0.0402352 -0.0547314 -0.131068 0.0601541 -0.0695271 0.0667071 0.226366 -0.0589985 -0.0391079 -0.0978203 0.0124593 0.0705122 -0.146012 0.141116 -0.0379324 0.0204388 -0.0325037 0.015745 -0.0300746 0.00351503 -0.144019 -0.194971 0.0102884 0.0308589 0.00922126 0.0550461 0.0537812 -0.0443942 0.146754 0.0220626 0.0111904 0.120297 0.169859 -0.00456157 0.00499199 0.0558574 -0.0143751 -0.00858064 0.0909872 -0.0879804 -0.0407143 -0.0317144 0.168856 0.0638707 -0.0149096 -0.0208834 -0.0476543 -0.124474 0.0339326 -0.057834 0.0172522 0.0794966 -0.0584907 0.0655602 -0.0259732 0.00471105 -0.148989 0.104385 0.0124979 -0.0469495 -0.104629 0.0288085 0.0052082 -0.110227 0.0838156 -0.0225946 -0.177097 0.0475547 -0.094471 0.13108 0.0346037 -0.0434294 0.0350899 0.0351991 -0.00189932 0.0772881 0.000346698 0.0706575 -0.0561247 0.0996595 0.0383968 -0.110484 0.0858037 -0.0135592 0.116276 -0.0148208 -0.0211704 
0.0741999 -0.0197749 0.0101151 -0.0663769 0.174049 0.313843 0.24738 -0.0672829 0.0110221 -0.0164104 -0.0216659 0.00574759 0.113858 -0.0875483 0.184407 0.0654936 0.0650421 -0.00873344 -0.0506696 0.0911491 -0.0641151 -0.0306935 -0.0557618 -0.192304 0.109612 0.084313 -0.0588616 -0.00224549 0.0190122 -0.10422 -0.00120803 -0.0351163 0.0569616 0.0224357 0.145677 0.068182 -0.0333577 0.0704024 0.0708337 -0.0570821 -0.119214 -0.0690636 0.0931943 0.047951 0.22104 0.0198368 -0.211281 0.0469758 0.0895307 0.0273747 0.021042 0.0286109 -0.0126373 0.0951183 -0.0225822 0.00250071 0.100613 -0.0200915 0.0626295 0.0548008 -0.0100376 0.100952 0.157762 -0.0189718 0.0920322 -0.0105723 0.165098 0.105169 0.0799752 -0.0200573 0.215082 -0.053272 0.0461505 -0.0338253 -0.0400592 0.230065 0.0329457 0.123655 0.0194312 0.14661 0.0216681 0.0560686 0.152803 0.114705 0.144473 0.171741 -0.230149 -0.14301 0.0435166 0.00823411 0.1449 -0.0972103 0.1121 0.0448566 -0.0334682 -0.0805787 0.0420341 0.0957132 0.382394 0.0690996 0.108709 -0.0286218 0.117024 -0.196288 0.157877 0.0790422 -0.0504575 0.0230568 -0.117315 0.0321857 -0.11449 0.0335946 -0.0353721 -0.322375 0.210926 -0.246777 -0.136134 -0.0972548 0.0422538 0.0254874 -0.0489135 -0.124491 0.285115 -0.0290015 0.112797 0.0318257 -0.0317109 0.207758 
-0.00358173 0.0535792 0.160629 0.0677429 0.0689791 -0.0257574 0.0409328 -0.0165146 -0.0728796 -0.0546519 0.106126 0.0557853 -0.133263 0.13221 -0.0175444 0.130633 -0.097468 0.128183 -0.00971328 -0.176845 -0.0818781 -0.0350758 0.120178 -0.241172 0.0267036 -0.0100929 0.155404 0.0329063 -0.075364 -0.0949213 0.138708 0.017635 -0.0176528 -0.0209633 -0.0972784 -0.0797513 -0.0526297 -0.119003 0.0383914 0.0559789 -0.0694955 -0.00828654 -0.141803 -0.0901146 -0.0674123 0.0509848 0.0372687 -0.0348474 -0.000988609 0.108949 0.123315 -0.0640303 0.0184251 0.0601737 -0.140465 -0.0799592 -0.0313882 -0.00281958 -0.00599857 0.0388388 -0.07482 -0.0215923 0.10971 0.0295578 -0.00512454 0.0476592 0.0120359 -0.0603766 0.0623739 -0.0501856 -0.028383 0.11954 -0.0659795 -0.121542 0.0525711 -0.155303 0.0359157 0.0543929 -0.139143 0.136673 0.061211 -0.0721395 -0.0242927 0.193151 -0.163537 0.0527612 -0.0338693 -0.135054 0.175603 0.0798602 0.11732 -0.0791048 0.0760183 -0.0612473 -0.110863 -0.0136081 0.170487 -0.0995904 0.0721394 -0.0590651 -0.0128932 -0.00564545 0.0647535 0.0411773 -0.00566495 -0.139222 -0.015286 0.0910327 0.0698783 0.0538222 0.0168572 -0.123357 -0.0150417 0.173753 0.0172141 -0.0114881 -0.0551378 0.0169219 0.0436404 0.141435 -0.0445561 -0.110044 0.0401506 0.0324469 0.109535 -0.0893841 -0.0967527 -0.139491 
0.0608483 0.171663 -0.0163165 -0.039428 -0.204855 -0.0786239 0.133399 -0.0546592 -0.039665 -0.0326523 0.0978287 -0.154668 -0.0588296 -0.00110948 -0.0745573 -0.0905085 0.0755763 0.0359817 0.00898778 0.0213296 0.119478 0.206611 0.136863 -0.0182359 -0.0125393 0.0371088 -0.0178 0.132246 -0.045103 -0.112137 0.188617 0.154708 -0.0806425 -0.0291886 0.189734 -0.0981055 -0.0407477 -0.110519 0.154081 0.046433 -0.0884174 0.139159 0.0470468 -0.110389 0.0938837 -0.0714388 0.0912959 -0.0213655 -0.115964 -0.150615 -0.0155299 -0.146513 0.00871368 0.0973879 0.107015 0.0865804 0.0187891 -0.0604421 -0.0615535 0.158304 -0.0463539 0.102211 -0.0501189 0.00235924 -0.0617627 0.103391 -0.123666 -0.105685 -0.0236691 -0.0144095 -0.0383616 -0.113241 0.0163758 -0.112547 -0.154846 0.0490208 -0.0898714 -0.0574774 -0.125965 -0.00968484 -0.00910268 -0.0197737 -0.0858198 0.148017 0.0679021 0.120983 0.0473481 0.0478832 0.239737 0.0978106 0.248544 -0.132622 0.00429411 -0.020761 -0.0760288 0.170396 -0.132324 0.0626585 -0.0291279 -0.0116382 -0.0190553 0.0168433 -0.000248532 -0.0368758 -0.0705026 -0.0495847 -0.0598948 -0.0687013 0.00426873 -0.0366692 0.0331839 -0.0141502 0.152293 0.0306535 0.129634 0.122825 0.0451473 -0.0767745 -0.0505057 -0.0451721 -0.11023 0.100202 -0.110424 -0.00471997 0.0182307 0.00690775 0.0830269 -0.0589346 
0.0383858 -0.00446959 -0.222233 -0.114287 0.0754056 -0.025644 0.176991 0.0593584 0.0658074 -0.00999945 0.130307 0.0385531 -0.0600917 -0.1098 0.0103234 0.0333946 -0.12505 0.0151818 -0.0927482 0.102462 -0.121071 0.160373 -0.0192573 -0.205305 -0.125994 0.151718 -0.0371747 -0.0649939 -0.136597 -0.163921 -0.155013 0.128679 0.118758 0.00174675 -0.15594 -0.0186235 0.0344429 0.0382436 0.0330602 -0.173542 -0.0486923 0.0461895 0.0134121 0.176146 0.000877946 -0.084034 -0.224947 0.214319 0.0454046 -0.00158822 -0.110703 0.0854572 -0.0889795 -0.00276754 0.106937 0.124521 0.0143176 0.0546062 -0.0490036 0.0561554 -0.0588782 0.0373383 -0.0818962 -0.0503647 -0.0296436 -0.0926011 -0.0732784 -0.0936849 -0.106229 0.0315751 -0.14163 -0.00223554 -0.105102 0.0493793 -0.0784788 0.0838129 0.0821554 0.0632544 0.0235748 -0.0966842 0.00164636 0.0975383 -0.0609285 0.0207602 -0.0795409 -0.12849 0.086645 0.0172536 -0.0385913 -0.010266 0.0823054 -0.0635004 -0.0804694 0.0575518 -6.61557e-07 0.0777265 0.0420237 0.0419348 -0.141929 -0.108333 0.0257053 0.0282018 -0.0391638 -0.0904287 0.100003 -0.0472945 0.323118 0.13457 0.195178 0.00831248 0.079632 -0.00637925 0.0921452 -0.10503 0.00761381 0.208197 7.09517e-06 0.039034 -0.128014 -0.125051 0.00702027 0.00694091 0.0111581 -0.0403386 0.0779141 -0.0806208 0.102583 -0.03781 
-0.0138218 -0.148974 0.051894 0.0166047 -0.0173886 -0.108482 -0.0511441 0.0183913 -0.174782 0.0604111 0.0897591 -0.0772933 0.0717843 -0.0540416 0.0181181 0.0101223 0.0321469 0.0741309 -0.0319687 -0.14222 -0.0494843 -0.131564 0.0280529 0.0174236 -0.0190481 -0.0122852 -0.0121286 -0.0189087 0.0468657 -0.0389671 -0.0436693 -0.0019226 0.0177358 -0.106871 0.0386797 -0.0718616 0.0461235 -0.174694 -0.0220759 -0.0952672 0.139174 -0.00489855 -0.050085 -0.115495 0.0122106 0.100929 0.0686363 -0.119456 -0.064691 0.0386998 -0.0415966 0.0771747 0.117198 -0.0907153 -0.0646869 0.0714021 0.0557373 -0.0795324 0.0103313 -0.25118 -0.0560445 -0.0487996 0.0116639 0.0201133 -0.135102 -0.0227512 -0.0347621 0.0791198 -0.152677 0.0083696 -0.0797594 0.10108 0.0865404 0.0672671 0.0921665 -0.00513689 -0.0206342 -0.141185 -0.0343849 -0.076943 -0.089284 0.00337467 -0.0968931 0.0303551 0.188195 0.0895962 -0.0868545 -0.0551487 0.0569299 -0.0273725 0.109403 0.101711 0.0100853 0.00492484 0.123441 0.0984143 -0.0129182 0.0103051 0.0789834 -0.0994945 -0.0104367 0.0108863 -0.102071 0.161204 0.0461701 -0.152569 -0.0181135 -0.00823219 0.0555274 -0.101772 -0.0847203 -0.0889383 -0.171464 0.0143674 -0.251027 -0.0419917 -0.00405009 -0.162385 -0.304091 0.00990539 0.00111899 -0.0687518 0.0632069 0.147042 0.00689911 0.0589677 -0.10985 -0.0404838 
-0.0417323 0.142957 -0.0432913 -0.118523 -0.00238655 0.0848509 -0.0623044 -0.123689 0.131005 -0.043931 0.00606621 -0.0138028 0.057322 -0.156233 -0.0325107 -0.127941 0.0219541 0.0566559 -0.146497 -0.0245997 -0.124242 0.206283 0.117274 -0.0339606 0.150973 -0.00536959 0.0961676 0.0298298 -2.95175e-05 0.0261293 0.0561418 -0.209301 0.0244036 -0.0707921 0.0913111 -0.0322215 0.125819 0.0544053 -0.0386438 -0.058963 0.0158289 -0.0222042 -0.0108018 0.0245233 -0.0311504 0.135925 -0.00473182 0.008629 -0.0223182 -0.0535568 -0.130289 -0.05617 0.03493 -0.120498 -0.114191 0.0148289 -0.0692038 -0.0522645 -0.0158801 0.0199485 0.037721 0.114199 -0.0248476 0.102188 -0.102744 0.117258 0.145525 -0.0927854 -0.147427 0.0465216 -0.0811069 0.0920311 -0.0886466 -0.136644 0.08818 0.0263849 -0.0281175 0.0111454 -0.0419925 0.0571201 -0.0233535 0.069208 0.112453 0.00991258 0.0748811 -0.0565543 0.016911 0.0894297 -0.131035 0.0753629 -0.0126557 0.0610934 0.139442 0.0349115 0.111681 -0.0690228 0.065257 -0.109905 0.0830416 0.126736 0.0112128 -0.0945599 0.0773442 -0.184941 0.12656 -0.0433998 -0.0910629 -0.0103869 -0.12646 -0.158758 0.0557823 -0.0331436 -0.0561056 0.0696736 0.0599264 0.0234379 0.131409 0.0402804 0.0703029 -0.0306783 -0.0236312 -0.0968895 -0.0192221 -0.175 0.0608988 0.150733 -0.0578684 -0.0101272 
-0.00851263 0.0488512 0.138298 0.0952964 0.0956246 0.140277 -0.00995096 -0.0588171 0.062738 0.00501111 0.111145 0.192965 -0.229119 -0.120245 0.195577 -0.000481944 -0.100941 0.000684018 0.0694364 0.0145311 -0.0337298 -0.0435656 0.021523 -0.076464 -0.0627328 0.0384149 0.0925983 -0.150869 -0.0351663 -0.118347 -0.00404307 0.0408074 -0.125079 -0.0893945 0.166044 -0.123586 -0.093232 -0.0215234 -0.0241785 0.00191073 -0.173055 0.107607 0.145084 -0.0754431 0.277347 -0.0430782 -0.0192603 -0.0781716 -0.089773 0.0782117 -0.0506944 -0.05435 -0.140384 -0.0576025 0.0443664 0.0767587 0.135891 0.156901 -0.153465 0.026656 -0.167047 -0.0494371 0.0179402 -0.0652463 -0.0569711 0.0471528 0.075737 -0.0679553 -0.0533208 0.0699056 -0.0640694 -0.00235857 -0.214855 0.144242 0.0333001 0.057614 -0.118659 -0.0654303 -0.0579615 -0.163049 -0.0174306 -0.0118482 -0.0058706 0.0744404 -0.0371304 -0.109534 -0.00740858 -0.0312238 -0.112714 0.064525 0.0740107 -0.0166128 0.197058 -0.290903 -0.145243 -0.10592 0.0376578 -0.0399066 -0.0142773 0.155313 0.050036 0.148116 0.0101585 -0.107604 0.0888444 0.132384 0.0199203 0.102206 0.0339365 -0.0158844 -0.0863448 -0.100528 0.183024 -0.0824085 0.11289 -0.08663 -0.0249547 -0.0257012 0.0541262 0.0765333 -0.0307685 0.0583568 0.0777018 0.0223223 0.0190547 0.0509305 -0.0262448 -0.0581232 
0.148011 -0.111179 0.0426288 0.0895551 0.149242 0.237454 0.0894212 0.234314 0.0328436 0.0837883 -0.145779 -0.011154 -0.0495371 0.049227 -0.00537126 -0.100895 0.209355 0.0999136 -0.119605 0.0628381 -0.0369775 0.0263832 -0.119701 0.0342752 -0.307063 0.0911364 0.0253196 -0.175651 -0.0306515 0.14374 -0.223691 -0.111209 0.143678 0.0317369 -0.121166 0.105312 -0.143771 -0.00249724 -0.162856 -0.179616 -0.167384 -0.227938 0.0685941 -0.0390117 -0.116832 -0.152161 0.0343172 -0.123759 -0.0217193 0.172072 -0.0900548 -0.0299656 0.061227 0.0817551 0.0963454 -0.0273041 -0.275753 -0.0796245 0.198484 0.208992 0.1652 -0.148378 0.0434241 0.00935352 -0.00538849 0.162538 -0.0726432 0.104411 -0.044815 -0.0916369 0.150976 -0.103462 -0.00804522 0.162533 -0.123573 0.0555385 0.0631457 0.00878802 -0.0922523 0.0693929 0.0497271 -0.00871334 -0.114537 -0.122183 0.132042 -0.000730196 0.13348 -0.337928 -0.0441306 -0.109262 0.0877697 -0.0731334 -0.00268428 -0.019766 0.0655042 0.159707 0.0989845 -0.200092 -0.0509157 0.107986 0.0175252 0.0361122 0.192641 -0.0465613 0.106984 -0.0111176 0.0711214 -0.0305571 -0.0792659 -0.13436 -0.223746 -0.0564315 -0.0564215 0.0653969 -0.0452693 0.0712175 -0.308574 0.0465376 -0.048651 -0.119902 -0.265089 0.1572 -0.0733567 -0.088662 0.0774316 0.0763562 0.0546566 0.340378 
0.0535581 0.10933 -0.0744333 0.0110558 0.0881757 -0.121604 0.0326763 -0.180018 -0.0185855 -0.11061 0.0876173 0.226471 -0.0575551 0.00492131 -0.058866 -0.0142945 -0.270927 -0.0413322 -0.0754267 0.0760686 0.0559967 -0.246423 0.092813 0.00117405 0.0559169 0.0248592 0.00702734 0.191711 -0.0243089 -0.0845434 0.175615 0.0721558 -0.000758976 -0.0934633 0.22468 -0.0482083 -0.0272837 -0.0930873 0.187486 0.00362761 0.0974186 0.0338214 -0.0535114 -0.0290503 0.000398562 0.0542376 0.0905904 -0.124519 0.000378053 0.00457218 0.0056992 0.00906355 -0.0863486 -0.00158669 -0.0852509 0.0479972 0.061898 -0.0654424 -0.0889003 0.0711313 -0.119842 0.156709 0.033132 0.118492 0.0109261 -0.0679475 -0.113683 0.0401533 -0.000991849 -0.100067 -0.0118469 0.0783523 -0.138312 0.019542 -0.102851 -0.086557 -0.054308 -0.0449326 0.0358265 -0.0484236 -0.063112 -0.0522601 0.0692813 -0.0329847 -0.0357366 0.183614 0.0116132 -0.0518049 0.0779474 -0.0510258 0.0274122 -0.00584163 0.0582537 0.11257 0.0819286 0.0645472 0.148786 0.0984386 -0.0046238 -0.10494 0.0131098 0.0853378 0.0209805 0.0863618 -0.143951 -0.0427529 -0.0607344 0.109454 -0.0132342 0.0295888 -0.0621811 0.064066 0.0244376 0.00630516 -0.114698 -0.126473 0.083937 0.00347497 -0.160963 0.0381609 0.0786385 0.0314696 -0.0274691 -0.101311 -0.106106 0.00863543 -0.0543334 -0.0710361 
-0.00392739 0.0315933 -0.0148439 0.0779652 0.0470578 -0.0402578 -0.0451013 0.0389362 0.142954 -0.111531 -0.121207 -0.082347 0.0693661 -0.0109612 -0.0524157 -0.00194497 -0.0845081 -0.0909778 0.0185528 0.134426 -0.0404511 -0.181665 -0.0365079 -0.00648695 -0.051463 -0.0827961 0.00345378 -0.0910178 -0.00298025 -0.0886785 0.062083 -0.0339013 0.0677142 -0.0760406 0.0131307 -0.0533709 0.137504 0.08799 -0.0337265 0.060539 -0.0735762 -0.0267736 -0.0514018 -0.100929 -0.0220008 0.0924823 -0.0315814 -0.13093 0.12802 0.0186418 0.0303663 -0.105195 0.0155743 -0.0189862 -0.0729632 0.192181 -0.00311739 -0.0356164 0.034158 0.0836338 -0.157938 -0.142851 0.0166791 0.0920005 -0.0291125 -0.0366831 -0.0355756 0.0505343 -0.0153621 -0.0762009 -0.0192587 -0.122423 -0.127193 0.00296445 -0.00827486 -0.156098 -0.115188 0.0107295 0.00504648 0.0352849 -0.0418252 0.0272387 0.0357358 0.0358587 0.0554035 0.0682417 0.0723807 -0.103193 -0.148138 0.0533672 0.00229875 0.0390856 0.0250198 -0.155336 -0.0394766 -0.0303394 -0.167814 -0.123448 -0.0110243 -0.108978 0.105175 -0.0286774 -0.0175163 -0.104816 -0.0153862 0.0148593 0.036542 0.0936427 0.0586885 -0.0769101 -0.106523 -0.0183001 -0.0363861 -0.0279336 -0.0799875 0.0629741 0.0528241 -0.0714456 -0.0138225 0.0258437 0.166708 -0.106886 0.0166172 0.0503769 0.00373931 0.190289 0.0290924 -0.0474064 
-0.0727971 -0.160336 0.035337 0.163506 -0.130024 0.146261 0.0314812 -0.116287 0.0479356 -0.0680294 -0.142546 -0.128714 -0.122348 0.104626 -0.0904745 -0.00225891 -0.0421332 -0.113435 -0.112622 -0.0184847 -0.144362 -0.0453116 0.0780241 0.0116149 -0.0949441 -0.0419417 -0.0640446 -0.0396291 0.111163 0.0973494 0.146466 -0.0352022 -0.0339666 0.0353696 -0.01108 -0.122911 -0.0325269 -0.0201862 0.0710949 -0.0586373 0.0354281 -0.0490867 -0.0116115 -0.155216 -0.0032904 0.00831995 0.13087 -0.0676806 0.15032 0.132192 -0.13479 -0.196959 0.0036674 -0.121056 -0.0261797 0.0646582 0.169845 -0.0628592 -0.0774294 0.0303166 0.125353 0.0171463 -0.0417709 -0.188603 0.162108 0.111826 0.00585206 -0.0662491 0.175657 0.264292 -0.0444338 0.0191458 -0.0666859 -0.0324963 0.0391557 0.0503744 -0.0557062 0.0330245 -0.0294269 -0.0623094 -0.159069 0.159767 0.0036646 -0.00090159 0.041025 0.127186 -0.0651669 0.0954992 -0.0371419 0.08925 0.262308 0.0939642 -0.049725 -0.0524675 -0.255035 -0.0195596 -0.195502 0.236621 0.00134601 0.0353201 0.0351389 -0.0726852 -0.0977226 -0.104404 0.0240623 0.0939273 0.109275 0.042929 -0.0747245 -0.114853 -0.0795686 -0.0860458 0.0308613 0.03093 0.174585 -0.0339426 -0.0479071 -0.0216753 0.0451574 -0.175988 0.103691 -0.0373663 0.0967873 -0.121873 0.0889324 -0.0155735 0.0584076 -0.0564397 
0.106371 0.153326 -0.0114351 -0.0176014 0.0336735 0.114588 -0.0180978 0.00440813 0.0132741 -0.0798467 0.119332 -0.190716 -0.0698524 0.107253 -0.205765 -0.00487314 -0.104497 -0.0437137 -0.0637909 0.178411 0.0925587 0.120369 -0.134311 0.01986 -0.0784664 -0.00311962 0.0242997 -0.142724 -0.033535 0.104394 0.0298605 -0.157661 0.0215441 0.116517 -0.0289627 0.0356526 -0.0456757 0.105828 0.055745 0.0369245 -0.13166 -0.140145 0.0556039 0.224467 0.233888 -0.0807435 0.187531 -0.115713 0.0384505 -0.0824936 0.0124828 0.105906 -0.0151304 0.00565488 -0.0635046 -0.139261 0.0920828 -0.000853943 0.0567161 0.0920667 0.0157727 -0.0776932 -0.165424 -0.133807 0.0997866 -0.0644173 0.0168044 0.137666 -0.117695 0.0288406 0.0834857 0.0330331 0.150095 -0.00749979 0.0249958 -0.120086 -0.0387118 -0.152918 0.076945 0.106782 -0.0778014 -0.21907 0.0961662 -0.0782435 -0.0405567 0.0100455 -0.0466196 0.0824683 -0.0432699 -0.0780758 0.0858431 -0.0142886 -0.191954 0.0812145 -0.087051 0.137129 0.0834712 -0.0427154 -0.0610681 0.0880896 -0.0640115 -0.035111 0.0360236 0.0691791 -0.179539 -0.0938346 0.0391887 -0.0890496 -0.0350084 -0.0812051 0.0602076 0.0947445 -0.0789576 0.164246 0.0955377 0.100448 0.0566999 0.138028 0.0560272 -0.132499 -0.0523657 0.102395 -0.214269 -0.069349 0.0646838 0.0386147 0.0686407 -0.0456085 
0.168754 0.0370352 0.0678503 -0.105328 -0.0527388 0.0943786 0.217714 -0.0649937 0.0203886 -0.00365661 0.0626965 0.0136199 0.0899851 0.0429542 -0.128901 0.0478961 -0.0283683 -0.0197804 0.0595121 0.129469 -0.019803 0.0352951 -0.0055049 -0.169421 -0.072501 0.105055 -0.00498457 0.118851 0.0307884 -0.0274827 -0.0844987 -0.0186827 -0.0491543 -0.0186127 -0.0441644 0.071692 -0.0329724 0.0706886 0.0698805 0.0490309 -0.0728609 -0.0632577 0.0421297 0.0672472 -0.0164291 -0.0150861 0.0764321 -0.0223738 0.058133 0.0581403 0.0950683 -0.0489759 0.0119443 -0.015531 -0.0253346 -0.0670488 -0.0896126 -0.148391 0.0620603 -0.044903 0.010993 0.0571083 0.114751 0.0611392 -0.00444536 -0.195544 0.0423243 0.168138 -0.171981 -0.00458572 -0.0691075 -0.0809826 0.110024 -0.107379 -0.0609946 -0.0503331 -0.133207 0.0276304 0.0335514 0.0809477 0.07708 -0.0489498 -0.018516 0.100089 0.153094 -0.0289149 0.0490113 0.168858 -0.0983629 -0.037744 -0.154039 -0.0791698 0.0261534 0.0232392 -0.0904993 0.120641 -0.0061325 -0.0410911 -0.033999 -0.0571259 -0.0636357 0.0495199 0.0727518 0.0828786 0.195342 0.0497483 0.102497 0.0450719 -0.0709019 -0.115825 -0.0348758 0.0317825 -0.0991863 -0.044458 0.0942499 -0.103431 -0.0246793 -0.0081779 0.057684 -0.076435 -0.0547144 -0.198269 0.149446 0.126033 0.0191416 0.00837649 -0.00275385 -0.0370492 
0.138961 -0.116108 -0.0223556 0.0437841 0.0643556 -0.072195 0.0169773 0.000453629 0.0483102 0.074972 -0.0214568 0.0585728 0.0660568 0.159937 0.0376296 -0.0701504 -0.00439261 0.253825 0.196249 0.0143822 0.0116334 0.0599245 -0.0279109 -0.0160098 0.0379764 0.0279755 -0.0444463 0.0201736 0.140078 0.0016374 0.0740397 0.0404939 0.000319655 0.0594361 0.0481771 0.0215864 0.0780029 0.0212783 -0.157764 -0.0563744 0.039972 0.0412216 -0.132068 -0.039934 0.12815 0.0413238 -0.0703266 0.000882616 0.0732026 -0.0756557 -0.116513 -0.289231 -0.0316102 -0.0337799 -0.0852024 0.0881902 0.0117831 0.0992977 0.0270106 -0.205865 -0.0778253 0.177744 0.0272259 0.0169047 -0.0234428 0.120075 0.201011 -0.0105424 0.119094 -0.117446 -0.110513 -0.0507081 -0.180804 -0.0485054 0.0301595 0.0395426 0.135071 0.0105191 -0.0221055 0.104048 -0.0382973 -0.0515803 0.0224041 0.0882705 0.0196829 0.137273 -0.0297841 -0.288287 0.124561 -0.0386413 0.0368705 -0.0180833 -0.048583 -0.0667277 -0.0867404 -0.154887 -0.0219898 0.0383988 -0.0473494 0.0683698 0.139715 0.0247097 0.0980196 0.0451492 0.06554 -0.000454493 0.0334451 0.0281268 0.0500887 0.0555329 -0.0302584 0.00853633 -0.0490897 0.0710019 -0.0549799 -0.0582416 -0.062996 -0.0409043 0.0639564 0.074162 -0.0231066 -0.056549 0.0962067 -0.10108 -0.0606455 0.133255 -0.045409 0.0205048 
0.0916296 0.15469 0.0256046 0.241325 0.128899 -0.00120916 0.000544944 0.142792 -0.102441 -0.0265074 -0.0561257 0.111926 0.0766394 0.0411427 -0.150314 -0.0296846 0.0853087 -0.0511304 -0.00838746 -0.0355567 -0.0440551 -0.0382311 0.0809086 0.00951676 0.169296 -0.174619 -0.0258904 -0.00620485 -0.153082 -0.0419051 -0.0244454 -0.0431041 -0.0379322 0.0747228 -0.12907 0.156608 -0.0216457 -0.026608 -0.245714 0.0456871 -0.109799 -0.127938 -0.0448918 0.0702144 -0.0217456 -0.106805 0.0566164 0.0648349 0.0679779 -0.107452 -0.00999929 0.117025 -0.0951569 0.119938 -0.00343405 -0.0445598 -0.165412 0.0574687 0.0159426 0.0162825 0.00248949 0.0993218 -0.0520753 0.0528332 -0.0523471 0.0100083 0.0458662 -0.0514243 -0.0868653 0.0534751 0.0543484 -0.183453 0.118499 -0.0506612 -0.157937 0.0291632 0.0631771 0.00182661 -0.0175561 0.106034 -0.0356858 -0.0245971 -0.0915136 0.165726 0.171953 0.0754704 -0.00228553 -0.138722 -0.00113773 0.0581825 0.0777617 0.145942 0.104526 0.0779834 -0.0420758 0.0368057 -0.0725697 0.129675 0.106987 -0.0502611 0.0847788 -0.0196926 0.23863 -0.0801745 0.0637724 0.0580681 0.0785426 0.141602 -0.0563395 -0.0389866 -0.000948383 -0.0867714 0.017844 -0.292672 0.180523 0.0157889 0.00351072 -0.0576917 0.14863 -0.120455 -0.044747 0.0969754 -0.0935039 -0.0592982 0.154386 -0.0427458 0.0745704 -0.0648008 
0.127134 0.143976 -0.0796923 -0.0497779 -0.0563651 0.0278371 -0.0351669 -0.0227872 -0.0903266 -0.148343 -0.22014 -0.0716986 0.105005 0.0136367 -0.190496 0.0184705 -0.157262 -0.244731 0.0856788 0.0700901 0.133889 0.0319712 -0.0534692 -0.102944 0.0409926 -0.079774 0.0408348 0.0403465 0.0593521 0.142645 -0.0938165 -0.00568821 -0.0534046 0.100748 0.0189757 0.0129747 0.0258158 0.172985 0.0312175 -0.152548 0.0786291 -0.0222376 0.214493 -0.0998005 -0.0930331 -0.0509429 0.0943157 -0.0802183 -0.102568 -0.135343 -0.170868 -0.0491661 -0.181261 0.0495706 0.0796853 -0.125236 -0.300667 0.0245534 0.0136545 0.0145112 0.0376635 -0.170241 0.030509 0.0318664 -0.0324899 -0.0811016 -0.0399367 0.150255 -0.16949 0.0462174 -0.0181117 0.0247027 0.0635096 0.103216 -0.0594011 -0.0389464 -0.0166424 0.0557999 0.00812104 0.0587817 -0.107946 0.0355223 -0.037639 -0.00540455 -0.0889972 -0.0855848 0.0817914 -0.106714 -0.0691874 0.0191779 -0.0340573 0.112688 -0.0112247 0.169775 0.078459 -0.126371 -0.0363906 -0.0155298 -0.0166701 -0.0168077 0.144216 -0.109969 0.0465404 -0.00612988 0.0621689 -0.0166257 0.185297 0.0498664 0.0273775 0.00607303 0.00790512 0.0265511 0.0810195 -0.0421292 0.100188 -0.0600204 0.297291 0.190542 -0.103543 0.0784643 -0.0338459 -0.0137326 -0.169201 0.11947 0.0911206 0.0498623 -0.0484722 -0.0352135 
-0.0478239 0.0645064 -0.0734237 -0.121543 0.0345923 0.0743963 0.0533145 0.015002 0.0378041 -0.0547282 0.0602139 0.0205668 -0.191331 0.0135048 -0.0687286 0.00768994 -0.131171 0.0552384 0.142289 -0.0702165 -0.0565193 0.0518915 -0.00758595 0.0048153 0.0797125 0.0217976 0.163254 0.0373679 -0.257472 -0.147971 0.100693 -0.0113333 0.100007 -0.0617591 -0.0990556 -0.163461 0.0475476 -0.0160746 -0.0148546 0.182682 -0.0973029 -0.0225819 -0.0636367 0.125681 -0.18542 0.109377 -0.106352 0.209116 -0.191561 0.00849651 -0.000722835 -0.0331346 -0.178909 0.0498351 0.0269321 -0.0541395 0.000252819 -0.085941 -0.0411447 -0.113531 -0.0158697 0.092847 -0.00423246 0.00880285 -0.186117 0.0589107 -0.119489 0.035752 -0.0911598 0.0752481 -0.137662 -0.0567462 -0.237604 0.152231 0.185852 0.0307174 0.0448975 0.0486455 0.0407683 -0.0573369 -0.0598397 -0.0345805 0.0320233 -0.0715379 -0.0180525 0.0503137 0.0522485 0.130376 0.22129 -0.0378991 0.105187 0.0304542 0.0880554 0.206488 -0.00832344 0.268575 -0.0285406 0.0861897 0.0537486 -0.157095 0.0258837 0.0452413 -0.0270216 -0.0220356 0.123854 -0.110676 -0.0444063 0.0761576 0.0662926 -0.00214947 0.0579987 -0.00841067 0.0367221 0.0791788 -0.146287 -0.10367 -0.119793 0.0380132 0.149728 -0.0231227 0.058279 -0.206133 -0.0862171 0.0738912 0.00150532 -0.0975755 0.0815681 0.0712596 
0.0802752 -0.0535947 0.0979585 0.0198187 0.125095 0.023723 0.0188494 0.0854328 0.0205362 -0.0959476 0.0818872 -0.107647 0.0916897 0.0345734 -0.0823961 -0.0878319 -0.0205443 0.0601594 -0.175339 0.153337 0.116009 -0.0670858 -0.0532749 -0.0225099 -0.0667632 0.0416845 -0.0643071 -0.221011 -0.103999 0.00516478 0.187854 -0.0586833 -0.0385364 -0.141927 0.156826 -0.0574435 -0.107581 -0.0160602 -0.077088 0.0724352 0.0514283 0.0400372 0.169843 0.111178 0.0116315 -0.0872815 -0.132164 -0.040159 -0.0420182 0.0465998 0.0133838 -0.0395121 -0.0681892 -0.0983063 -0.0906219 0.0955948 -0.0609381 -0.0727662 0.186166 -0.134242 -0.0861753 0.236182 -0.088727 0.20926 0.0191659 -0.0152655 -0.046846 0.11853 -0.0380174 0.071009 0.143526 0.0140859 -0.0744076 -0.237042 -0.0205126 0.131037 -0.0674342 -0.00444764 -0.0132499 -0.172141 0.052345 0.110214 -0.118548 -0.0538953 0.174572 -0.170061 -0.0389178 0.0228907 -0.0247112 0.130318 -0.127285 -0.0224258 0.105445 0.0200544 0.104075 -0.0631648 -0.0137394 -0.0287616 -0.0578993 -0.00175107 -0.0729281 0.00141055 -0.0119251 0.0517247 0.0101221 -0.143017 -0.0544806 0.0170409 0.0324542 -0.122061 0.105991 0.0759849 -0.00987623 0.0570126 -0.0725134 0.0158274 -0.149153 0.0203718 0.064207 0.0774261 -0.0850523 -0.107484 0.0653363 0.137171 -0.0168639 -0.189469 0.0160433 0.0180737 
-0.00540094 0.117935 0.0962279 -0.17066 0.0694887 0.149939 0.0239394 -0.127598 0.0746719 0.088273 0.105033 0.0667487 0.0222664 -0.0328395 0.0380175 0.0426573 -0.0373309 -0.0282251 0.0280574 0.0812465 -0.0748162 -0.111931 -0.0384599 -0.144212 -0.0881733 -0.0229143 0.0431403 0.0717365 0.154528 -0.0687668 -0.134779 -0.0781159 -0.0421455 -0.0797005 -0.137555 -0.184134 -0.0976571 0.0663664 0.101006 0.0256434 0.0499622 0.175042 -0.105848 -0.0806206 0.0854964 0.0150244 -0.10907 -0.21854 -0.161696 0.0403904 0.0977652 0.127887 0.0513629 0.0726184 0.0268399 -0.074224 0.0435298 0.0449731 0.018002 -0.0163439 -0.0595808 -0.0171212 -0.180248 -0.0840337 -0.127511 0.0357561 -0.0331889 0.060304 0.0310252 -0.0229951 0.174653 0.0943994 0.0137813 0.0748345 -0.0482574 -0.0531088 -0.019984 -0.121657 -0.0902364 -0.0642765 0.0936129 0.0048606 -0.00109936 -0.0631624 -0.00736897 -0.0437033 -0.047176 -0.0258797 0.0219468 0.180081 0.0900938 0.00511114 0.0165089 -0.0262319 -0.215388 -0.0940587 -0.0289558 -0.0724634 0.0542266 0.0803174 0.0914578 0.158151 -0.0983573 0.172536 0.0124875 0.10778 0.0241723 0.106237 -0.114158 0.014355 0.047125 -0.187985 0.108519 0.0371633 0.105137 -0.00830214 0.0452858 0.0520496 0.0210567 -0.110739 -0.122288 0.12674 0.134424 -0.15979 -0.0739411 -0.0948566 0.0411303 0.105313 
0.0475547 -0.13109 -0.0589039 -0.0271087 -0.102258 -0.166873 -0.146735 0.198832 0.0304436 0.117796 -0.0421152 -0.144298 0.0543343 0.00932539 -0.0342304 0.089598 -0.0169252 0.0278595 -0.0663441 0.124785 0.182242 -0.049958 -0.069314 -0.0542656 -0.00753947 0.0245871 -0.00237614 -0.0568442 0.215679 -0.0281727 -0.052844 0.122294 0.0434459 0.0423858 -0.0315915 0.0975036 -0.140871 -0.0284668 0.0340915 0.0259292 -0.0985174 0.0508501 0.0233273 -0.0157501 0.0372637 0.0639892 -0.0300221 -0.061849 0.0705735 -0.0824986 -0.0522222 -0.0284264 -0.0632924 0.144754 0.033578 0.0203262 -0.0833264 0.0184686 -0.00784823 -0.092779 0.063036 0.0173771 -0.0368393 -0.00398646 -0.00541702 -0.00656917 -0.0315449 0.0175406 -0.00545791 -0.0925859 0.120952 0.0484704 -0.0737752 0.032198 -0.0384169 0.0189679 0.0184712 -0.194945 0.0341012 -0.129135 0.0295925 -0.315952 -0.0442039 -0.0834407 -0.0526857 -0.09125 -0.0661813 -0.0359577 0.13062 0.123045 -0.0719933 -0.0935759 0.13736 -0.044559 -0.175884 0.000872927 -0.0643533 -0.0422819 -0.0497308 0.0634501 -0.0564514 0.0392737 0.0801154 0.073077 0.166823 0.0825529 0.153669 0.0119749 0.0227957 0.160854 -0.117924 0.0500522 0.0218467 -0.151499 0.0701355 0.0408002 0.300728 0.0955784 -0.0360153 0.0445364 0.124315 0.0667975 -0.0244279 0.051846 0.207123 -0.00191202 -0.0327114 -0.0657983 
0.0226907 -0.0213401 0.136039 0.0611327 0.0136698 0.172968 -0.129315 0.0124085 0.12338 0.11893 -0.0216995 -0.161444 0.10207 0.0489071 -0.108253 0.134199 -0.103339 -0.0403206 0.154249 -0.0196511 -0.136551 -0.0320079 0.156671 0.0354589 0.031317 -0.0650895 -0.0388571 0.0802767 0.0710172 0.033319 -0.127278 0.0151176 0.0595951 -0.0904366 -0.0460651 0.0510855 -0.132675 0.143409 0.165414 -0.104845 -0.0703067 -0.0413609 -0.0555145 -0.0345519 0.134955 -0.145676 0.0363231 0.0069516 0.0551334 0.108466 0.0602704 -0.0677046 0.0137104 -0.21518 0.0879138 -0.14089 -0.00801733 -0.0619587 -0.00335048 0.103404 0.168763 0.137327 0.223416 -0.0647132 -0.0807611 -0.10404 -0.0148078 -0.0576201 0.117963 -0.0429808 0.0398129 -0.00195281 -0.0590373 -0.128711 -0.0174815 -0.0768909 -0.179523 0.0792051 0.153847 -0.0611645 0.040049 -0.0814167 -0.105826 0.065231 0.0294158 -0.0650237 -0.0862158 -0.00341451 0.120244 0.0621919 0.0476782 -0.0464667 0.0900083 0.040168 -0.057157 0.191274 -0.114078 0.133898 -0.0593043 -0.031251 0.0123369 0.00241766 0.0774586 -0.0232598 -0.0531934 0.0384167 -0.0261391 0.162174 0.047671 0.0452512 -0.0684019 0.175412 0.0525672 0.00568463 -0.0809652 0.123977 0.0287629 0.129943 -0.0676317 -0.157892 -0.0401823 0.0195009 -0.18471 -0.0236081 -0.00511322 -0.0927143 -0.0670106 -0.032306 
0.00440623 0.0135052 -0.0359355 -0.0230309 0.0390163 0.0239019 -0.118581 0.0759201 0.0598877 -0.197666 -0.0102659 0.0490969 0.133668 0.0047801 -0.0222215 0.0569409 -0.00944788 0.00772263 -0.0338077 0.00729441 -0.0998868 0.0225957 -0.0257459 -0.0502866 0.0663734 0.0205171 0.189917 0.17707 -0.131982 0.132249 0.0698823 0.100243 0.0720733 -0.0595747 -0.0378952 0.0273516 -0.0560393 -0.150536 -0.0859531 0.209405 -0.023066 -0.061679 -0.00427022 -0.117138 0.0853804 0.196427 0.0826209 -0.178963 -0.198555 -0.109698 0.0489221 0.0293847 0.00479376 -0.0479723 -0.123258 -0.0259042 0.190528 -0.1439 -0.136313 -0.00776442 0.0325543 0.0750493 0.010514 0.142464 0.0435503 0.0853094 0.0018246 -0.00933346 -0.0150023 -0.0069158 -0.00694683 0.0526083 -0.0250049 -0.0718635 0.0729781 -0.0288488 -0.0879313 0.00940832 0.0641199 0.0658573 0.000476022 0.229374 0.102008 0.0262317 -0.0333387 -0.130876 -0.0268539 -0.149899 0.0267972 0.104093 -0.228172 0.0926907 0.0306626 0.0825995 -0.0835934 -0.101062 -0.0135408 0.132008 -0.0195624 0.060079 -0.0701536 0.0944781 -0.0641326 -0.13945 -0.0693085 0.222844 -0.114092 -0.0595739 -0.015433 0.17156 -0.150315 -0.0904521 0.0227873 0.190424 0.173854 0.0826613 -0.150353 0.0921226 -0.0482304 0.0961472 0.0379355 -0.178367 -0.00545577 -0.0682119 0.143364 0.232869 0.0935475 0.0584716 
-0.106429 0.107262 0.084665 0.0095421 -0.118904 -0.0994209 0.0841087 -0.0771332 0.112698 0.0743209 -0.0376657 -0.1604 0.0248236 -0.0346928 -0.0110385 -0.0283399 -0.083305 -0.0058148 -0.0212705 0.124307 -0.0240745 0.053418 -0.02391 -0.0648959 -0.127345 -0.00857037 -0.124352 0.00798335 -0.0265192 -0.147161 -0.0777928 0.0158178 -0.11958 -0.0621113 0.0392372 -0.0970233 0.163806 0.152897 -0.0912153 0.0298091 0.0914598 -0.159082 0.0425227 -0.172633 0.0919162 0.0137456 0.0711189 0.0483706 -0.139492 0.0442302 0.109263 0.0439193 0.0661994 0.0441513 0.201719 0.0219079 0.0741421 -0.230357 0.0107163 0.192372 0.00463769 -0.071107 0.215905 -0.10997 -0.133486 -0.0112117 0.0241559 -0.0674815 0.155732 -0.0647982 -0.17889 0.00398592 0.0287799 0.13767 0.0355434 0.024828 0.0592387 -0.101489 -0.0639393 0.0594906 0.0832071 -0.0924872 -0.042517 -0.0660813 0.0894156 0.143985 -0.0216103 -0.0058308 0.0910473 0.121176 0.129134 0.0435867 -0.0770221 -0.0545023 -0.0617929 -0.0975493 -0.0281605 0.00488714 -0.085154 -0.022939 -0.0372796 0.101595 -0.0146119 -0.0341025 0.099117 0.0652108 0.217567 -0.0585161 0.0731127 -0.00392138 -0.00484422 0.145738 -0.149623 -0.0631626 -0.0014603 -0.0511994 0.088318 0.0158316 0.0995151 0.00720991 0.0529665 -0.0279673 -0.100861 0.0207076 -0.0141652 0.0773811 0.105669 0.0233972 
-0.0494529 0.0726012 0.0442461 0.0488988 -0.122646 0.00215064 -0.109925 0.0145751 0.117687 0.0227909 0.0814287 -0.0571324 0.0753721 -0.0522625 -0.088876 0.073015 0.0379109 -0.00864057 0.00580239 0.0971715 -0.142486 0.152466 -0.00295934 -0.0198945 0.113033 0.0154619 -0.153819 -0.00848929 0.11736 -0.0944 -0.0392554 0.00547027 0.0806167 -0.154776 0.0515621 -0.0521202 0.0731213 0.151356 -0.0417098 0.0473232 0.0253439 -0.108994 0.0558601 0.21308 -0.123629 0.198907 -0.0323756 0.0902936 0.0592734 0.0350737 -0.17053 0.194145 0.0318146 -0.069196 0.103638 0.032037 -0.00711107 0.144184 -0.0184061 -0.170512 0.0693149 0.0223826 0.0717994 0.0929257 0.0762644 0.142054 0.289447 -0.0590311 0.14106 -0.0438587 -0.0489521 0.0810862 -0.112408 0.0727664 -0.114179 0.0285181 0.0973435 -0.137235 -0.0275868 0.129514 0.142055 -0.0487448 -0.0278898 -0.0140421 -0.0447377 -0.00986728 0.181209 -0.0138052 0.036591 -0.0967182 0.000467196 0.00174854 -0.113117 -0.000168557 0.0400478 -0.113182 0.0111859 0.0120899 -0.0664189 0.14806 -0.0177722 0.0985286 -0.102051 -0.184242 -0.0108818 -0.0343496 0.0158656 -0.0981251 0.0961872 0.0698627 -0.090724 -0.0226068 -0.0341694 -0.156965 0.190013 -0.157115 0.0178413 -0.196934 -0.00158192 0.0348475 0.0691541 -0.148775 0.101485 0.000710423 -0.0801209 0.0624528 -0.0836759 -0.0767196 
-0.0614065 -0.00258886 0.06624 -0.0622831 -0.0376787 -0.0950541 0.0747024 -0.0519279 0.0242717 0.0561307 -0.0525627 -0.109139 0.0479589 0.0669128 0.00209887 -0.113153 0.0255523 0.215712 -0.0516326 -0.101853 0.159693 0.00307269 0.0576717 0.00567432 0.107531 0.0668074 -0.0134015 -0.0303488 -0.0882834 0.0212081 -0.0592136 -0.0417085 -0.0188139 0.0926348 0.105654 -0.209423 -0.0458257 0.123536 -0.0613535 -0.255411 -0.139154 -0.165581 -0.0310203 -0.137291 -0.0235609 0.0812384 -0.128184 -0.0908627 -0.209485 0.00442092 0.0456204 -0.00171769 0.125648 0.107645 -0.0619731 0.0761978 0.144967 0.140357 -0.118887 0.112221 -0.0312601 0.0139383 0.0601547 -0.12131 -0.0746966 -0.00742247 -0.106739 -0.0243137 0.0949111 0.00278853 -0.0325021 0.138091 0.202956 -0.0402142 -0.0762682 0.111294 0.0698063 -0.0300954 0.0841311 0.179497 0.208406 0.0586701 -0.101526 -0.259019 0.140889 -0.00440797 0.0370021 0.240445 0.00409558 0.0184577 0.0273071 -0.0612242 -0.0513119 -0.125793 0.149623 -0.327447 -0.0355128 0.0784897 -0.0153858 -0.032935 0.0193116 -0.0986552 -0.0528663 0.0267237 0.00865661 -0.0477675 -0.201719 -0.00866127 0.000856454 -0.140044 0.0408229 -0.0531742 0.173833 0.0644527 -0.0802732 -0.0259034 0.0337734 -0.0526781 -0.14176 0.0679111 0.120823 0.0716078 -0.00574616 0.0195876 0.000811516 0.215411 0.0242972 0.0298473 
-0.0730026 0.186188 -0.0635614 -0.0414308 0.0315925 -0.0641117 0.108068 0.161976 0.146862 0.000399487 -0.121921 0.0285683 0.0523186 0.0326966 -0.0499102 -0.135197 -0.0772503 -0.0417566 0.100533 -0.0381241 -0.162882 -0.156929 0.0464374 -0.141267 -0.0782396 0.046517 -0.0316864 -0.0515465 -0.0666522 -0.0465782 0.0220192 0.0746308 0.0187194 -0.0241008 -0.132215 0.0895974 -0.0360792 -0.00748423 0.0951429 -0.131426 0.0688911 0.0802653 0.0370675 -0.0490519 -0.0545604 0.0987445 0.00963888 0.0293105 0.0687778 -0.0270989 0.023935 -0.0939987 -0.143632 -0.126736 0.0713523 -0.130482 0.106727 -0.031357 -0.019762 -0.0815066 -0.0158332 -0.0417605 -0.144552 -0.111298 -0.0348934 0.0430927 -0.114834 -0.0014146 0.131103 0.00726622 0.0475448 -0.0238874 -0.0591354 -0.0379582 0.0404148 0.0303273 -0.116533 -0.0368869 0.00913325 0.0587902 0.0382666 -0.0956028 0.053607 0.085439 0.0934653 0.0612069 0.0746781 -0.221049 -0.160336 0.0328203 0.0286162 0.0396748 0.0668186 -0.0429769 0.0187373 -0.00523748 -0.0420318 -0.0354536 -0.0657165 -0.0607087 0.00905534 0.0213215 -0.0811775 0.13683 -0.0781933 -0.0657926 0.0714118 -0.117828 0.0787005 0.142639 0.057456 -0.00173221 0.081801 0.0329311 0.0451346 0.213047 0.0890497 0.00708634 0.0379361 -0.0105957 0.0432388 0.0150444 -0.000683122 -0.0939844 -0.0348069 0.0215846 0.0699997 0.209598 
0.134833 -0.104661 -0.143442 -0.00983057 0.143186 0.128478 0.000859077 -0.138741 -0.0193074 -0.00105746 0.0159351 -0.213227 0.114677 0.0885851 -0.123573 -0.0602368 0.0353803 0.00929642 0.153521 0.0586136 0.0125112 -0.0450161 0.0315839 0.0343164 -0.0239207 0.0400821 0.0543523 0.0851755 0.0781825 0.14053 -0.0394986 -0.278169 -0.0820413 0.0222779 0.0708908 -0.0936695 0.120513 -0.0659768 -0.0816439 -0.0430393 -0.0839824 -0.0552652 -0.13992 0.167577 0.0524892 -0.0905341 0.0256503 -0.157792 0.185445 -0.067701 -0.118468 0.00174522 -0.027378 -0.0109771 -0.0054593 -0.0680924 0.0493866 -0.14846 0.0567938 -0.112644 -0.0707297 0.209475 0.0233275 -0.01911 -0.0501001 -0.12503 0.0600245 -0.13439 -0.212271 -0.0544946 0.0896263 -0.102963 0.201406 0.128017 -0.111516 0.0395563 0.144177 -0.133516 0.0109421 0.0451472 -0.107214 -0.130853 0.0664349 0.00273902 -0.0313738 -0.132937 0.0335453 0.00160272 -0.159856 -0.0997777 0.0507546 -0.134134 0.117198 -0.163825 -0.113871 -0.0619604 0.126672 -0.00461617 0.0225964 -0.0585604 0.089616 -0.00602689 0.149601 -0.00701418 -0.0189694 0.0309843 0.0274576 -0.15432 0.0576085 -0.0803191 0.0259934 -0.122567 0.0175212 0.196995 -0.0324374 0.0339732 0.214322 -0.0327887 -0.104386 0.0674055 -0.129962 -0.0513572 0.127226 -0.0765643 0.0820961 -0.04132 0.0629217 0.0836474 
0.0885241 0.0391642 0.148927 0.117811 0.143511 -0.00169342 0.168477 -0.0295364 0.101817 0.0648369 0.177067 -0.13205 0.143869 0.0577104 -0.00747295 -0.0366616 -0.132205 -0.0790759 0.021202 -0.0482069 0.0531297 0.0454163 0.0620674 -0.00268383 -0.0788824 -0.0656978 -0.109365 0.001214 0.055076 -0.0227293 -0.00653254 0.014319 -0.0395931 -0.21165 0.07967 0.161525 0.0479002 -0.102011 0.120271 0.063755 0.0486388 -0.0913005 0.0872991 -0.0671309 -0.0967662 -0.122162 -0.0239461 -0.0266083 -0.139661 0.0629393 -0.122228 -0.0888742 -0.128021 -0.129019 -0.111115 0.153405 -0.0259715 0.0598549 0.00295988 -0.134424 0.0414366 -0.062457 -0.115861 -0.0362392 0.174121 -0.0808733 0.048574 -0.0675586 0.214694 0.108089 -0.195363 0.14768 -0.0305718 0.00360813 -0.0541944 -0.16261 -0.00474664 -0.160433 -0.108829 0.0796291 0.000561377 -0.00876725 -0.0589059 0.134079 -0.0135014 -0.0349836 0.0155848 0.141062 0.055608 0.0326912 0.0250958 -0.0037173 -0.105531 -0.0372637 -0.00951317 0.0818733 0.0890886 -0.0317997 -0.137413 0.0346693 -0.116213 0.0619825 -0.0723395 0.00302505 -0.179501 0.00413564 0.0391177 0.145521 -0.0308591 -0.0134444 0.0915977 -0.0348688 0.200263 -0.0285416 0.119839 -0.105519 0.0127515 0.154416 0.0599904 0.0420148 0.0294192 -0.102284 0.199376 -0.0940748 -0.136205 -0.0157558 -0.000382474 -0.0594339 
0.0260748 -0.0774321 -0.168843 0.00154418 -0.0046418 -0.0762135 0.130324 -0.147226 0.101821 -0.0598861 -0.18033 0.0109638 -0.107202 0.228542 -0.218904 -0.005326 -0.0160664 -0.125378 -0.0913325 0.0922474 -0.093464 -0.253042 0.0659364 0.0644762 -0.0491675 -0.0598278 0.0121015 0.112666 0.122722 -0.0385572 -0.0958503 0.12619 0.0629547 -0.019221 -0.0684506 0.0700508 -0.0418814 -0.101199 -0.0721906 0.151145 0.129342 -0.0277038 -0.0889824 -0.182422 -0.161017 0.0802204 0.0671593 0.0380522 -0.0971427 0.0584321 -0.105128 -0.124605 0.0213919 0.173933 0.0523031 -0.0598671 0.0111168 -0.111637 -0.0235932 -0.0178065 0.0855149 -0.0136007 -0.0333592 -0.164483 -0.0953772 -0.0891876 -0.0369021 0.0618495 -0.0479872 0.042202 -0.246566 -0.15776 -0.168397 -0.0131805 0.0971037 -0.0257002 -0.0886753 0.134014 0.213776 0.0877251 0.0686977 -0.0558093 -0.127379 -0.0989473 -0.0449553 0.0195849 0.0798871 0.058003 -0.0682094 -0.0834013 -0.0407604 -0.133783 -0.094669 -0.0677038 -0.021297 0.0452337 0.156008 -0.0012273 -0.144162 -0.0288695 0.0836423 0.0641208 -0.0864367 -0.0411789 0.0705043 -0.177045 0.113385 -0.154987 -0.0215494 -0.0371799 0.0931265 -0.0047137 0.111868 -0.0140647 0.0843756 0.00932587 -0.0215795 0.0519265 0.0209891 -0.12265 0.0875289 -0.0768799 -0.0339759 0.106278 -0.0812712 0.0375112 0.0333183 -0.100052 
-0.265072 -0.0573211 0.10013 0.102001 0.0834331 0.0319524 0.00469902 -0.0754706 0.0566812 -0.129861 0.137146 -0.132104 0.0304017 0.0356407 0.130514 0.171741 -0.155438 -0.0665445 -0.0592775 -0.0390641 -0.15599 -0.0144316 0.0625485 0.0306824 -0.2118 0.0254021 -0.0559726 0.00897265 -0.0515068 -0.0232549 -0.125022 0.0326949 0.0261172 0.141935 0.123122 -0.0600904 0.0503954 0.0311954 -0.00901336 -0.19279 -0.0429598 0.0629858 0.167983 0.018155 0.0150358 -0.0605742 0.13214 -0.192308 0.0545127 -0.0233471 0.0733802 -0.116239 -0.118218 0.0391596 0.140527 -0.0634708 0.0588264 0.0260943 0.183029 -0.0104183 0.115968 0.0623528 0.00738437 0.0558848 0.0908237 -0.0685429 -0.0693023 -0.0336229 0.0838243 0.125786 -0.0263752 0.175893 0.0862427 -0.0359209 0.253038 -0.0681598 -0.025498 -0.0524132 0.149875 0.0179174 -0.0571145 0.021108 -0.0713665 0.00717214 0.0110666 0.0500428 -0.271266 0.155817 -0.120451 0.172801 0.184907 0.0629055 0.0100835 -0.0118789 0.092504 0.0127689 0.0179589 0.0185669 -0.0271733 0.00760373 -0.0244841 0.119617 0.0300278 -0.153842 -0.16455 -0.0733663 0.0588821 0.00272097 -0.0341753 -0.0606495 -0.0994296 0.000904103 -0.0166272 0.0200401 -0.0851591 -0.0456199 0.0104243 0.216873 0.114984 0.105093 -0.0940957 -0.056303 0.00659619 -0.0819094 -0.0346398 0.1537 -0.105582 -0.0682933 
0.0910307 0.149468 0.0946006 0.0248251 0.0628707 0.361895 0.0900627 0.0226661 -0.159897 0.182597 0.00673877 -0.147501 -0.118571 0.237818 -0.143451 0.0418943 0.213109 -0.0233752 0.140064 -0.0915877 0.216672 -0.0100249 0.0254032 -0.15106 -0.0285697 0.0811806 -0.14486 0.023673 -0.06508 -0.0541667 -0.0679922 -0.132436 -0.123763 0.144804 -0.302611 0.0528838 -0.0142499 0.0637955 -0.0950302 -0.00788335 0.00838268 -0.0732346 -0.0502763 0.0523448 0.157917 -0.182637 0.100378 0.0168714 0.0312917 0.000987911 0.08092 -0.0269156 -0.115556 0.120342 -0.118742 -0.0497135 -0.0421609 -0.067706 0.124487 -0.0959644 0.0978641 0.0688056 -0.0314807 -0.0190917 0.0955665 0.0382864 -0.0101586 0.130136 0.0610488 0.158759 0.0788546 -0.0198914 0.0287059 -0.0037065 -0.32209 0.0980598 0.0716587 0.182988 -0.0512411 0.0793937 0.0648708 0.0913421 0.0745009 -0.0150588 0.0512166 0.0619133 0.0747451 -0.0524217 0.0581827 -0.0642805 0.0258804 0.11235 0.127276 -0.0688493 0.028608 0.0373919 -0.116232 0.0308424 0.00859573 0.0883106 -0.0315987 0.137454 -0.122467 0.0538313 0.0697476 0.0383313 0.00958489 0.155966 -0.186274 -0.0838454 0.14193 -0.0832971 0.115072 -0.00494206 -0.0168884 0.0843689 -0.0655446 -0.0112969 -0.0382691 -0.0404216 0.0293345 -0.0144916 0.047797 0.000774828 0.0349728 -0.006954 0.116614 -0.156101 
-0.00419988 0.0603776 -0.103565 -0.0946093 0.037481 -0.0172627 0.0951591 0.123602 0.0062455 0.0315751 0.155135 0.0846532 -0.0645742 -0.0743484 0.047114 0.224146 -0.114297 0.0179034 -0.0729961 0.0438643 -0.119815 -0.149987 -0.0375462 0.00683776 0.0156887 -0.0817845 0.153258 0.0687319 0.0101509 0.0382927 -0.110137 0.140189 -0.0686579 -0.0501728 0.109004 -0.0220544 -0.0971868 -0.133127 0.0543339 -0.0135309 -0.0409331 0.0237511 -0.0422863 -0.0456058 0.0185272 0.013871 0.0303711 -0.0687937 0.0837393 0.0170069 -0.109467 0.0286743 -0.126773 0.242753 -0.01221 -0.0909276 -0.128457 -0.0721177 -0.0468234 -0.211579 -0.0219936 0.00248955 -0.080922 -0.109322 0.214465 0.011422 0.0606382 0.109847 0.0574593 -0.0484617 -0.224414 -0.0422478 0.00834271 0.112637 -0.0645637 -0.00718516 -0.129091 -0.0268824 -0.0254491 0.113113 0.181323 -0.00170684 -0.0268456 -0.0460471 0.0896921 -0.0815669 0.0241134 0.127881 -0.0487753 0.013233 -0.118798 -0.099154 -0.090523 -0.147963 0.0229223 -0.0370606 0.137611 -0.105786 -0.0200827 -0.123995 -0.0713481 0.0211968 0.0129961 0.0615339 -0.0122048 -0.0389337 0.0167124 0.0872921 -0.130285 -0.0848917 -0.0720641 -0.056305 0.0887064 0.060098 0.100089 -0.0772432 -0.0190578 -0.0375061 -0.0334217 0.0130466 -0.0463526 -0.016646 -0.0997952 -0.167716 -0.117998 0.0361619 0.0608594 -0.129957 
0.0296732 0.135619 0.253316 0.0124135 -0.00316623 0.0181924 -0.0311019 -0.12962 0.115736 -0.0901095 -0.150408 0.0148728 -0.00749516 -0.018331 0.079151 0.246302 0.0598921 -0.0445949 0.06423 -0.0880611 -0.0107485 -0.0726731 0.0829073 -0.14028 0.028839 -0.152833 0.0471295 0.129172 0.0976143 0.033208 0.0794737 0.000105963 -0.100123 -0.113166 -0.153953 -0.140973 0.0102801 -0.0898753 0.0541525 -0.0331963 0.0631312 0.0758222 -0.0518767 0.0845221 0.00332978 -0.0634019 -0.0578379 -0.107665 -0.144467 -0.0220785 0.0110302 0.127442 0.0762207 0.0892436 -0.0305679 0.0675068 0.14148 0.0961814 -0.0237295 -0.152661 -0.119386 0.0399083 0.0429837 0.0168129 -0.00555674 0.141069 0.148966 -0.00802839 -0.148395 0.069174 0.0429984 -0.10449 -0.093105 0.218496 -0.149088 -0.137967 0.00905867 -0.0309846 0.024269 -0.048515 0.0116558 -0.10413 -0.0642709 -0.0999932 0.0136537 -0.0870512 -0.022193 0.181049 0.159017 -0.105161 0.0341899 0.144268 -0.0185544 -0.127876 -0.0164536 -0.0989289 0.014508 0.0368573 0.02367 0.010703 0.188027 0.0923714 0.0291196 -0.0086704 -0.0420698 0.0854847 0.0357544 -0.0105874 -0.203311 -0.0148591 0.0117807 0.113528 -0.0462877 -0.00906508 0.0878071 0.00289334 -0.0674366 0.015897 -0.0120742 -0.125591 0.0163757 -0.122108 0.00387552 0.0959226 0.00908443 0.0551091 0.0606879 0.0555476 
-0.0533285 -0.1855 -0.0879975 -0.0339577 0.0280845 -0.0102546 -0.0295314 -0.0267356 -0.0632548 -0.0157358 0.123787 -0.0381623 0.0848381 -0.0367154 -0.196195 -0.00425462 0.0363692 -0.0993663 0.069206 0.0280755 0.00852919 -0.178339 0.116407 0.00315166 -0.134189 -0.140195 0.23039 -0.0337304 0.0371302 -0.0755091 0.0858176 0.138012 -0.0769079 0.054046 0.0500117 -0.208693 -0.117128 -0.0580886 -0.00643092 -0.0453022 -0.0350608 0.00914741 0.0516507 -0.0104533 0.0588636 0.0866152 -0.0147245 0.0605253 0.0398449 0.0469149 -0.0657983 -0.107378 -0.01139 -0.082256 0.147219 -0.0257656 0.130866 0.0656519 -0.0938216 0.0312338 -0.0277847 0.0305488 -0.0123872 -0.0388993 0.0246246 -0.0715365 -0.0441999 0.0104849 0.135269 0.00391469 -0.104428 -0.0895234 -0.0177802 -0.106469 -0.0179208 -0.0244481 0.106241 -0.114118 0.00701549 -0.0670511 0.145226 -0.128003 0.159289 0.0071763 0.012174 -0.0652008 0.0725624 -0.107972 -0.0476295 -0.0358839 -0.0113665 0.103166 -0.0150199 0.0124169 0.122994 0.039581 0.0173385 -0.0371422 -0.0564831 -0.0654038 -0.0661832 0.0183088 0.0230986 0.0222132 0.088823 -0.0773414 0.0771409 -0.0383587 0.00449865 0.119134 0.102463 0.0238874 -0.0154453 -0.0858006 0.0690091 -0.0455164 0.0223717 -0.0166333 0.0816454 -0.0485533 0.00659926 3.52213e-05 -0.0845581 0.101891 0.0548561 0.152466 -0.111284 -0.00681714 
0.0215953 -0.0447979 0.318817 0.0414925 0.0303561 0.246076 0.0439463 -0.0436143 -0.120504 0.0068719 -0.109939 -0.124904 0.155298 0.0819809 0.174557 -0.149014 0.0371442 0.0869869 -0.121262 0.0942909 0.0988446 0.106262 -0.121402 -0.00719351 0.020283 0.140909 0.0277369 0.222454 -0.0807874 -0.153348 0.00226788 -0.145623 -0.117473 0.0109867 0.140501 0.202618 -0.0807941 0.0214675 0.0740159 0.0572424 0.0411495 -0.0311027 0.0203135 0.120124 0.0779336 0.0177178 -0.00350805 -0.0398844 0.0532807 -0.00497039 -0.0579977 -0.26768 0.0881986 0.163492 0.0264019 -0.0882506 0.0555216 0.0407852 -0.0226796 -0.00823644 -0.0124112 0.152391 -0.0826678 0.24469 0.140599 0.0148295 -0.00315426 -0.0241395 -0.0626305 -0.0501581 0.00876874 -0.02672 0.102428 -0.168685 -0.046706 0.15495 -0.151184 0.00545056 -0.0793413 -0.0100633 0.0732761 -0.0560202 0.10015 0.16779 -0.20204 -0.170381 0.118145 -0.0279925 -0.0623895 0.0572894 0.138397 -0.0632755 0.017281 -0.138381 -0.137513 0.140039 -0.0444645 -0.080496 -0.00649403 0.0388689 0.0127036 0.0586622 0.127867 0.17267 0.214542 0.0381467 0.00524797 0.0880171 0.0918089 0.0127839 -0.104071 0.112647 -0.0938833 0.148724 0.144367 0.146094 0.178358 -0.0844947 -0.118878 -0.140461 0.0427326 0.126197 0.138691 -0.042341 0.0371594 -0.071149 0.0485129 0.136422 
-0.156122 0.0548333 0.159479 0.0623721 0.0318549 -0.0424084 -0.101457 -0.125793 0.0748082 -0.0395975 -0.218812 -0.0177093 -0.08575 -0.0753055 0.0258076 0.0654543 -0.0330892 0.0939156 0.0588627 0.0221174 0.0239839 0.0292951 0.115095 -0.0558747 -0.0422425 -0.0585655 -0.0917964 -0.0388076 0.0299622 0.058243 0.00619563 0.0775173 0.0560758 -0.0340298 -0.225248 0.0306824 -0.0969079 -0.0717785 -0.00373115 -0.0952753 0.119857 -0.0407396 -0.0192977 -0.231042 -0.183946 -0.100459 -0.111035 -0.077366 0.0539181 0.00980536 0.0582172 -0.0519182 -0.0460237 0.0300291 0.063871 -0.173315 -0.0339926 -0.101685 0.0224509 0.117645 -0.0624398 0.0024989 0.010891 0.112952 -0.0850676 0.0423699 -0.0230835 0.115159 0.180303 -0.0325331 0.0494315 0.0537909 -0.0168276 0.0866849 -0.0767626 0.019568 -0.0386709 -0.0433857 -0.0198399 0.115497 -0.0583747 0.0522357 0.00193076 -0.0327984 0.121838 -0.000912486 -0.0618659 0.0887022 0.011593 -0.0580291 0.146663 -0.0282239 0.0193919 -0.0256276 -0.0299393 -0.0288624 0.046778 0.024036 0.0775489 -0.206967 0.0776295 -0.184008 -0.0816578 0.0875598 0.00345859 -0.0996522 0.0431247 -0.0842802 0.175865 0.129101 -0.0236166 -0.0785296 0.112365 -0.0403586 -0.0378835 0.149964 0.0881095 0.0361722 0.0121487 -0.0424865 0.0856595 -0.0212561 -0.0893626 -0.136932 0.133156 -0.12018 -0.0235729 -0.0684231 
-0.0492421 -0.100687 -0.0248505 0.103628 0.0733431 -0.114595 -0.0245274 -0.359498 -0.0739916 -0.0159873 -0.343985 -0.059574 -0.159189 -0.0421081 -0.0302841 0.00372937 0.229522 0.0751237 0.0763205 -0.10459 0.028871 -0.0422542 0.00544053 0.302754 0.0345998 0.12687 -0.0405261 0.0156451 -0.460484 -0.0369246 -0.08388 -0.0285764 -0.0161308 0.0100232 -0.085588 0.178433 0.128033 0.00750046 0.0962441 0.0184893 -0.224843 0.0529421 -0.0565894 0.0956887 -0.00952709 -0.065081 -0.10289 0.0174375 0.0684555 0.100474 -0.0274018 -0.258203 0.0253135 -0.0123624 -0.209324 -0.0350727 0.135424 0.193635 -0.0657929 0.0461379 -0.0791582 -0.0704891 -0.283543 0.0762569 
64 32
0.00856327 -0.17377 -0.104444 0.210387 -0.015722 -0.0221296 -0.102306 0.00561821 0.201679 -0.21502 0.0352932 -0.0349415 0.140393 0.0294665 -0.0642233 0.185099 0.223229 0.244234 -0.00703947 -0.0573259 -0.121258 -0.0686866 0.0547562 0.13597 -0.139896 0.0334942 0.180868 -0.0187368 -0.0529691 -0.104157 -0.08267 -0.181112 -0.0815729 0.142902 -0.189786 0.0452347 0.0293989 -0.0447853 0.114773 -0.19545 0.157887 0.0293208 0.109045 -0.139964 -0.0728036 0.0371806 -0.112816 -0.232849 -0.0438243 0.218522 0.0344602 0.00702422 0.00428951 0.0763623 0.214492 -0.020952 0.0217628 0.0049832 0.105664 0.140449 0.0622887 -0.0729965 -0.00718457 -0.108925 
0.0256376 -0.183917 0.0660422 -0.229485 -0.157576 0.0194112 -0.138045 -0.0837507 0.0737893 0.0971174 0.284294 -0.0495324 -0.178698 -0.173914 0.18011 0.0567006 0.0294264 0.0777041 -0.00391045 0.0695255 -0.00153191 -0.251802 -0.0304111 0.187271 -0.104751 0.165707 -0.145068 0.122412 -0.0192056 0.0192082 -0.0793855 -0.0818675 -0.0901096 0.0324195 -0.110047 0.043765 0.206777 0.0458669 -0.0757684 -0.0604386 -0.118933 0.102609 0.0361129 0.119136 -0.0218627 0.257278 -0.103023 -0.0623705 0.239238 0.160985 -0.00601524 0.103658 -0.0152079 0.0431964 0.181753 -0.0305192 0.0387254 -0.171919 0.262288 -0.102971 -0.134707 -0.139266 -0.00380954 0.154602 
-0.160796 0.00776479 0.0373108 -0.0873857 -0.263264 0.200233 -0.0181296 0.0154437 0.157235 -0.100645 0.0383894 -0.189757 0.0486891 0.0451288 0.0541521 0.158851 -0.222678 0.113154 -0.0619304 0.355503 0.0383286 0.0753922 0.063541 -0.0992543 0.271352 -0.0987569 -0.162739 0.0664548 0.121779 -0.014838 0.238225 -0.0936783 0.0232175 -0.0201445 0.167073 0.140846 -0.0324243 -0.168581 0.0560818 -0.0979966 -0.125341 0.22224 0.242744 0.121597 -0.0693566 -0.202027 -0.0259719 0.123894 -0.230318 -0.0669816 -0.253532 0.294287 -0.0153196 -0.0556709 -0.0965584 0.0645801 -0.166748 -0.365722 0.128569 -0.102667 0.00352425 -0.117534 0.234234 0.0475174 
0.0196326 0.18699 -0.294718 0.0136953 0.0968689 -0.0729632 0.167718 0.21647 0.0992366 0.134022 0.12604 -0.0131282 -0.114929 0.0810113 0.0567395 -0.158389 -0.0985176 -0.0017073 0.113891 -0.113311 -0.0906832 0.0670825 -0.0270328 -0.138895 0.0688705 -0.171959 -0.0942824 -0.282246 0.189669 -0.136698 0.0743994 -0.0018324 -0.185981 -0.0278624 0.344423 0.0924221 -0.0484513 0.110134 0.0678861 0.320337 0.262266 -0.0108326 0.0831929 -0.043948 -0.144159 -0.0616854 0.0400523 0.0425984 0.00734178 -0.155977 -0.00740258 0.178919 0.0235883 -0.04926 0.238238 -0.0344658 -0.034125 -0.0922604 0.0885022 -0.131126 0.0227591 -0.0401901 0.118588 0.152489 
0.0624842 -0.0573631 0.0693366 -0.126622 0.0517076 -0.0522194 -0.0204384 -0.272863 -0.282268 0.241307 0.180116 0.135353 -0.0522966 -0.166058 -0.0131247 0.149198 -0.0990871 0.0261113 0.089161 0.0549568 0.136508 -0.11851 -0.0100259 -0.0797694 0.00533125 0.0737698 -0.0662508 -0.241181 -0.1554 0.115161 -0.053647 -0.0271074 -0.152113 -0.24605 0.0687939 -0.22065 0.00524964 -0.120376 0.0530646 0.0765566 -0.0409926 0.166146 0.00966202 -0.189999 -0.0506309 0.0405054 0.036412 0.273326 0.0748306 0.0421295 0.0417703 0.0693573 0.0641559 -0.139542 0.0732369 -0.0807844 -0.0673212 -0.11457 -0.154415 -0.227877 0.0914265 0.0721343 -0.215393 -0.127926 
-0.111409 -0.114831 0.11456 -0.0744299 -0.138117 -0.0402384 -0.230207 0.108985 0.0203458 -0.0296414 0.267547 0.0491756 0.0865726 0.0384393 0.0473353 0.0787901 -0.0476781 0.126173 0.0693743 0.321997 -0.193467 -0.170789 0.111327 0.0910379 -0.132661 -0.0185568 0.0740117 -0.101987 -0.0261165 0.117547 0.0491075 -0.018682 0.0196054 -0.0907742 0.172465 0.113651 0.102664 0.198746 0.0561849 -0.228192 0.162709 -0.0727808 0.22036 0.185499 0.304974 -0.0629272 -0.13197 -0.104089 0.0466761 0.129406 -0.101176 0.0972801 0.0143601 -0.218706 -0.0305592 -0.0665905 -0.123387 -0.1431 0.00760595 -0.0693593 -0.118557 -0.131179 0.187556 0.0528186 
-0.263983 -0.182498 -0.226857 0.262765 -0.00335567 0.023515 -0.0808729 -0.0894952 0.200633 0.04509 -0.0800651 -0.133924 0.235532 0.0680583 0.318935 0.164878 0.0653969 -0.155252 -0.0161777 0.198536 0.0554536 -0.0381166 -0.194831 0.259028 -0.0387075 -0.373374 -0.0829471 -0.0200353 0.253569 -0.161703 0.0530576 0.0556628 -0.153691 0.0788799 -0.0044341 0.117602 -0.0450001 -0.0209747 0.0319006 0.204208 0.144871 0.0118663 0.0622039 -0.103773 -0.098147 0.131781 -0.236979 -0.0617061 -0.0621774 -0.237716 0.123892 0.00941385 0.100749 0.18421 0.193935 0.0821244 -0.302387 -0.00163526 0.123106 -0.0167861 -0.00777416 -0.141784 0.0639167 -0.0697542 
0.0911528 -0.0248463 0.0694933 0.319649 -0.0278968 -0.138962 0.02392 -0.0392772 -0.164958 -0.125271 -0.00458555 -0.0738528 -0.0795087 0.046986 -0.157207 -0.185847 0.112617 -0.0981959 -0.201772 -0.190553 0.00807452 -0.0388451 0.0395956 -0.00641257 -0.0265121 0.0284161 0.0582549 0.00713362 -0.032439 0.0162679 -0.141523 0.138544 0.0740152 -0.158148 0.0157309 -0.0784418 0.0274424 0.145298 0.0181525 -0.0508292 0.305342 -0.158581 -0.133207 0.169808 0.0092827 -0.00179962 0.252038 0.00885455 0.0482243 -0.0557635 -0.0664769 0.0751833 0.0150455 0.0684747 -0.00298768 -0.0287987 -0.0130262 -0.0526158 -0.120866 0.136538 0.0412442 -0.0524014 -0.078751 0.0900957 
-0.0146741 -0.248513 -0.0336691 -0.0790231 -0.31474 0.126352 -0.157438 0.296108 0.354774 -0.082691 0.399633 -0.0752041 -0.425405 0.00391891 -0.16536 -0.0411654 -0.275178 0.0119418 0.314179 0.102853 -0.083871 0.177076 0.0611121 -0.00709828 -0.198286 -0.191464 0.0180475 -0.0157638 0.444902 -0.082842 0.171231 0.0451373 -0.0803316 -0.027833 0.0624642 -0.0102177 -0.248655 0.0279633 -0.0143109 -0.0270866 0.345414 -0.0398652 0.101352 0.0216447 -0.138238 0.0317432 0.158845 -0.0507074 -0.095635 -0.273235 0.211939 0.307118 -0.0827631 0.24163 0.151319 0.126705 -0.086537 -0.298998 0.0554163 0.0961155 -0.0489144 -0.0557353 0.116513 -0.187187 
-0.238265 0.0828586 -0.239959 -0.00572703 0.0816408 0.0182488 0.0728513 0.00655304 0.169858 0.178218 0.00014968 -0.14161 -0.0116875 -0.223824 0.0611797 0.0880846 0.106782 -0.095797 -0.241489 0.0812805 -0.0411032 0.0932019 -0.0159738 -0.0924571 -0.238129 -0.124703 -0.105752 0.153083 0.26264 0.202585 0.176356 0.0247408 -0.178483 -0.334563 0.122977 0.362594 -0.0551357 -0.18902 0.244956 -0.0832314 0.107268 0.0370486 0.0109811 0.162767 0.0141642 0.311262 -0.154863 -0.022394 -0.157702 0.262088 -0.264265 -0.0375431 0.0107613 -0.0135834 -0.0441235 -0.0188428 -0.103471 -0.0881986 0.00241792 0.139032 0.0679855 -0.0601585 0.153139 0.0633117 
0.282366 -0.0548701 -0.154135 0.0302562 0.0637605 -0.094719 -0.137161 0.186536 -0.0278664 -0.148389 0.381946 -0.398701 -0.680543 -0.0579238 -0.283682 -0.214107 -0.303188 0.149811 0.303196 0.106721 -0.0658827 0.0379448 -0.0356502 0.305014 0.0549401 -0.415332 -0.00802495 0.0666811 -0.325375 0.0349667 0.234447 0.244383 0.000384837 0.0736543 -0.258879 -0.0967092 0.167053 0.102118 0.0234536 0.507629 0.160985 0.0132766 -0.140125 0.140267 -0.136876 0.256971 -0.0299627 0.0290837 0.156338 -0.010631 -0.00887053 -0.0600281 -0.309441 -0.00119852 0.0131462 0.128817 0.245124 0.103269 -0.414159 0.138214 -0.285774 0.37751 0.167492 0.103783 
0.0249344 0.105799 -0.0593195 0.152453 -0.0759138 -0.0987649 -0.257284 0.0372533 0.230949 -0.061341 0.110491 -0.0428071 -0.0604168 0.158895 -0.264011 -0.0730752 -0.112865 0.0293695 -0.167859 -0.036903 -0.203983 0.0130013 -0.172749 0.0254099 0.0310568 0.186831 0.0406337 0.185155 0.18856 0.0575862 -0.283147 -0.0382087 0.122566 0.253069 -0.00654465 -0.100053 0.0578801 0.0564144 -0.0839923 -0.175262 0.205819 -0.172835 0.0159901 -0.185169 0.066227 0.00229674 0.0394794 -0.15353 0.153329 0.0133977 0.0395723 -0.0289406 0.00990172 -0.126285 -0.0927971 -0.0962788 0.252493 0.0425209 -0.063209 -0.0414951 0.148942 0.321216 -0.0400936 -0.0156392 
-0.164484 -0.00888002 0.117091 0.0206818 0.0270137 0.0248117 0.0952556 -0.0631258 -0.108138 0.0643109 -0.0404136 -0.168157 -0.0103146 -0.0833291 -0.0399399 0.0970555 0.089605 0.0805956 -0.0703465 -0.021862 0.0164782 0.0694225 0.077076 -0.112445 -0.0714037 -0.0179246 0.0465094 0.0528197 -0.167773 0.00127927 -0.0497625 -0.0910613 0.0209924 0.175151 0.0755807 -0.162773 -0.024578 0.0469368 -0.0736501 -0.0850811 0.0871378 -0.098365 0.127792 0.193082 -0.157951 0.103124 0.0310781 -0.153068 0.114308 -0.0467072 -0.029835 -0.0632779 -0.228574 0.00161962 -0.0848625 -0.175682 0.0240555 -0.0505661 -0.191013 -0.163274 0.0645266 -0.0389497 0.105354 0.182791 
-0.264698 0.0764162 0.141429 -0.116135 -0.1318 -0.0177398 0.157218 -0.050046 0.114179 0.0431737 0.119857 -0.305772 -0.159889 0.0815716 -0.00958032 -0.0039388 -0.121968 -0.0411074 -0.100051 -0.0843587 0.0595034 0.124338 -0.0423653 0.0688863 -0.128896 0.199828 -0.0231523 -0.161855 0.146528 0.0234296 -0.105306 -0.0596203 0.111803 -0.0598539 0.00844953 0.0246364 -0.107109 0.047308 -0.199482 0.0312815 -0.0492817 0.0454298 -0.0403162 -0.10091 0.146695 0.00630034 -0.071109 0.0441796 -0.136123 -0.0348677 -0.037387 0.147755 0.146551 0.0935498 0.081909 0.0525386 -0.0237534 0.132313 -0.0592868 -0.0408298 0.153411 0.0391735 -0.124181 0.0821863 
-0.147835 -0.0760129 -0.0733146 -0.0677864 0.0548756 0.0599261 -0.134565 0.240976 0.0116136 -0.123903 -0.117133 -0.0468075 -0.138718 -0.0625047 -0.0422295 -0.0918621 -0.161394 -0.183388 -0.0653546 0.0156755 0.0551628 0.040465 0.228034 0.0257538 0.11803 0.165059 -0.00838417 -0.0746304 -0.0267701 0.0557813 0.123087 0.0441483 -0.171867 0.0482783 -0.0299212 0.0686951 -0.10088 0.07656 -0.0110814 0.0642356 -0.0181371 -0.0522424 0.0234601 0.133025 -0.0904432 -0.0781743 -0.0894056 -0.0161859 -0.0132432 -0.228842 -0.00890089 -0.100315 -0.059136 -0.079017 -0.241306 0.0584572 0.184762 -0.284424 0.0661111 0.0468665 -0.0382481 0.0522467 0.102515 -0.226467 
0.219845 -0.186058 0.137052 0.16987 0.255434 -0.115117 0.0178756 0.330062 0.00573876 -0.0991739 0.070915 -0.115824 -0.410729 0.171728 -0.0103568 0.0504579 -0.139529 0.0784574 0.181736 0.311252 0.0537368 -0.0663853 0.172301 -0.134417 0.0377918 0.0746719 0.0290793 0.0534527 0.203103 0.155715 0.133524 0.102977 0.030664 -0.207506 0.0805048 -0.0340725 0.039322 -0.189535 -0.0454295 0.0826731 -0.0734011 -0.0430874 0.0841814 -0.145929 -0.0247337 0.0793433 -0.0626332 -0.0301222 0.0552507 0.245897 0.341434 0.0553002 0.0355843 -0.176024 -0.0302355 -0.188425 0.00242293 -0.108836 -0.0277094 -0.0186725 0.266164 -0.253279 -0.0203695 -0.0487014 
0.0150066 -0.226701 0.0505268 -0.0468329 -0.144063 -0.107254 -0.0096919 -0.0448181 0.425328 -0.225997 0.017996 0.0569727 0.0569373 0.0193661 0.0471231 -0.220312 0.134206 0.00472611 0.0117891 0.216025 -0.0873717 0.206463 0.0377066 -0.0153716 0.145013 -0.0071144 -0.213269 0.0851612 0.170359 -0.0801922 -0.1445 -0.0852064 -0.0038454 -0.120828 -0.00319816 0.15062 -0.141579 0.0159432 0.119875 -0.228592 -0.0712823 0.118435 0.0190537 0.0368804 -0.0697642 0.0465805 -0.0243518 -0.20954 -0.29882 -0.0851471 0.0110676 0.0971621 0.159036 -0.37288 -0.0716619 -0.0250941 0.0433405 -0.0507551 -0.129634 0.0455448 0.0257541 0.0708337 0.102233 -0.131348 
-0.168154 -0.174302 -0.211911 -0.0199559 -0.0435741 -0.00885322 0.116521 -0.128067 -0.111838 0.240695 -0.013532 0.0838872 -0.07582 0.159218 0.0287454 0.021142 0.0562989 -0.0163888 0.15288 0.0602066 0.0631417 -0.100311 -0.0308072 -0.0389197 0.0658454 -0.000759421 -0.0631934 0.0415287 -0.0702587 0.00323806 0.202572 -0.0517022 0.0310882 0.0822764 0.0101175 -0.0389862 0.0731191 0.0741832 -0.0718385 -0.0168898 -0.260563 0.27104 0.129042 -0.110189 -0.16905 -0.15059 -0.0579105 0.100195 -0.141079 -0.0649438 0.0622015 -0.165553 0.131761 -0.103828 -0.073118 0.0105791 0.0783696 0.0516274 -0.174237 0.0405636 0.120639 0.00156247 -0.0503895 -0.0510315 
-0.239244 0.243803 0.00618635 0.107151 -0.126153 0.181304 0.110314 -0.0421457 0.108668 0.359576 0.060262 0.0477289 0.177791 0.0740454 0.0217644 0.20044 0.191625 -0.107164 -0.160998 -0.0257686 -0.259651 -0.129626 -0.0643118 0.165879 0.230975 0.0625167 -0.137042 -0.0764521 -0.0526669 -0.0352012 -0.0855028 0.193805 -0.219231 0.151362 -0.130345 0.0583502 0.0722663 -0.182835 -0.138211 0.0585703 -0.0495819 -0.0428372 0.192546 0.0792182 -0.290051 0.231074 -0.123875 0.163603 -0.236447 -0.344851 0.163576 0.0913121 0.0133768 -0.132439 -0.0970078 0.138896 -0.228111 0.0473465 0.127503 -0.162919 0.0886383 -0.021449 0.111725 -0.241087 
-0.0955648 0.0777676 -0.0363277 0.0687595 0.02031 0.0777234 -0.0481173 0.0120217 0.00762678 -0.117004 -0.0407707 -0.241124 -0.267219 0.165721 0.154304 0.0764651 -0.0700971 0.117044 -0.0949402 0.0444706 0.132666 -0.141577 -0.0110421 0.0681844 0.188215 -0.0983092 0.0106458 0.0413939 -0.0591629 -0.154138 -0.136865 -0.0761032 -0.142419 0.145637 0.0174038 0.265122 -0.00890554 0.00484137 0.0616828 -0.0214744 -0.0329697 0.187228 0.156197 -0.0724815 -0.0272807 0.00330458 0.0154061 -0.0907328 -0.0731829 -0.0153486 -0.128079 -0.163874 0.0174557 0.0553381 -0.273449 0.0301348 0.0207388 0.144212 0.107647 0.0354428 -0.0433837 -0.111339 0.055382 0.058087 
0.00419111 0.049992 -0.17415 -0.194274 0.0886947 -0.0111669 0.0594472 0.0268614 -0.225954 -0.0592023 -0.334997 -0.0371956 0.0434004 -0.199342 0.0822672 -0.230828 0.0787711 -0.0667863 -0.0252305 0.00534143 -0.0716379 0.0525376 0.11278 -0.168362 -0.061597 0.0809294 -0.000611295 -0.149059 0.00712646 0.264655 -0.0525995 -0.0101341 0.0757807 0.0523655 -0.0341517 -0.265771 0.225454 -0.0680338 0.0491503 0.040284 0.0360109 -0.0698675 0.0508986 -0.164314 -0.0755459 0.0183466 -0.0195516 0.0628583 0.1154 0.0386247 -0.358428 -0.217261 -0.0672561 0.034054 -0.0707723 0.0230511 -0.140906 0.0400462 -0.122499 -0.0476746 -0.00308755 0.0791817 -0.121829 -0.0207854 
-0.114839 -0.202279 -0.000286277 0.115937 -0.0519004 -0.147492 0.086085 -0.292136 -0.474 -0.0396126 0.141572 -0.144185 -0.238103 -0.0234894 -0.344697 -0.198488 0.115721 0.0163034 0.138979 -0.404057 -0.208089 0.1368 -0.0696739 -0.132271 -0.0450873 0.271441 0.327668 -0.19777 -0.658358 0.243603 0.387773 0.32689 -0.136478 0.0999284 0.0931883 -0.221994 0.214212 0.0320218 0.071483 -0.0101739 -0.119007 -0.122325 -0.0244563 0.103074 0.290078 -0.201711 -0.0505615 0.0238155 0.0618167 0.035845 0.0286962 -0.41925 -0.235909 -0.154485 -0.247262 0.0805914 0.183722 -0.0533073 -0.173646 -0.0382461 0.0791332 0.110432 -0.42471 0.0475467 
0.028562 -0.0175728 -0.0636947 0.0668437 0.0955427 -0.168653 0.0216552 0.0520576 0.0420758 0.0552816 -0.147806 -0.279177 -0.221435 0.0505603 0.287048 0.122808 0.0105668 -0.0484868 -0.134308 0.176816 -0.0885581 -0.00243445 0.122689 0.233516 0.268295 -0.0507484 -0.0902105 -0.0779548 0.146937 0.0019486 -0.00149881 -0.0391894 0.214474 0.0351106 -0.0281155 0.309102 -0.0838854 -0.330832 0.243288 0.0159567 -0.208191 0.102923 0.00704844 -0.207439 0.028148 0.00351272 0.0829918 -0.379459 0.149993 0.133874 0.145332 -0.101272 0.0326391 -0.236526 0.253867 -0.193856 -0.0381707 0.180365 0.0935119 0.0255663 -0.0128555 -0.182201 -0.026023 0.00365747 
0.154958 -0.153519 -0.0130307 0.0694703 0.100953 0.0598791 -0.205603 0.125752 0.201835 0.0219916 0.120544 -0.251789 -0.375497 0.259503 0.0560795 0.172457 -0.0425524 0.0766363 0.0295387 0.0175656 -0.0843321 0.117612 -0.127471 0.180163 0.0405245 -0.45645 -0.0495291 -0.132784 0.0774261 0.0872444 -0.0780055 -0.201192 -0.0697047 -0.121298 -0.219239 0.257133 -0.130086 -0.0872642 -0.0791964 0.167229 0.0050465 -0.0860669 -0.0289277 -0.394765 -0.136996 0.00976581 -0.144524 -0.26757 0.229763 -0.0477397 0.0158813 -0.0807657 0.0264525 -0.297502 0.0614308 0.0626655 -0.145875 0.138347 -0.210258 0.0686698 -0.196112 0.331901 0.191943 -0.160763 
0.247338 -0.0358896 0.0772091 -0.0850286 0.0731464 0.100397 -0.139181 -0.0351864 0.11736 -0.226174 -0.108117 -0.00561379 0.0877685 -0.154101 -0.0861591 0.0136931 0.0893975 -0.120091 -0.137074 -0.0702107 -0.143186 0.0797467 0.00995127 0.0472335 0.0639903 -0.031243 -0.241448 -0.108977 -0.0934416 0.191696 -0.0524364 0.264432 0.107944 -0.175766 -0.0532038 -0.0988846 0.0553416 -0.119513 -0.177155 0.0438855 -0.120674 -0.0704738 0.0705444 0.138935 -0.0149868 0.26875 0.183399 -0.117263 -0.184003 0.0883437 -0.139234 -0.0444172 0.16636 -0.209854 -0.154108 0.125975 -0.0203762 0.15279 -0.0363918 0.00846538 -0.172384 0.0652202 -0.159648 -0.14582 
0.22209 0.133764 -0.341158 -0.05287 0.198646 -0.128717 0.119749 0.200252 -0.15801 -0.207044 -0.264698 -0.0636772 -0.0294554 0.122382 -0.0917169 -0.155378 -0.130223 0.0541721 -0.146133 -0.0452452 -0.0551006 0.132624 -0.112502 0.0532652 -0.0545751 0.145781 -0.185978 -0.131789 -0.0231635 0.167293 0.117927 -0.107589 -0.0221172 0.0361667 -0.0889126 -0.176727 0.24604 0.144185 -0.067423 0.0348744 -0.06675 0.110204 0.00865168 0.221057 0.088686 0.119187 0.0900427 0.0494846 -0.0349846 0.168335 0.0567618 -0.128406 -0.191296 -0.102937 -0.112708 -0.0737283 0.0133346 -0.108658 0.0571456 0.0713668 0.165562 -0.170838 0.00148356 -0.0426549 
0.0511674 -0.0900391 0.0386688 -0.141047 -0.0127601 -0.198732 -0.203908 -0.116861 0.0440168 -0.209665 0.0783113 0.0104971 0.331175 -0.262938 0.168437 -0.0199493 -0.0248138 0.0569408 0.037377 -0.154139 0.172013 -0.263693 0.203884 -0.100177 -0.000648548 -0.135468 -0.0566836 -0.127053 -0.0103593 -0.33283 -0.133605 0.0627118 -0.0956161 -0.103247 -0.0173561 -0.124703 -0.1377 -0.00244234 -0.0571337 0.43217 0.237806 0.118118 -0.0443172 0.0307665 0.302359 0.185906 -0.0296954 0.345566 -0.127831 -0.0419508 0.248366 -0.329565 0.100483 -0.0594666 -0.117964 0.178385 0.129946 -0.0772372 0.0585571 0.126161 -0.109613 -0.280596 -0.127924 -0.0971523 
-0.0344349 0.0755776 0.107959 0.107379 -0.0872401 -0.163795 -0.041582 0.0767688 0.0887753 0.191718 -0.157347 -0.0461762 0.0906132 -0.0987757 0.0102334 -0.0237319 0.103759 0.0325546 -0.0813055 0.124664 -0.0524182 0.106535 -0.0911318 0.243985 -0.152769 0.0658459 0.0942511 -0.0223214 0.111195 -0.0381217 0.0372916 -0.0686168 -0.0400613 0.193628 0.0507949 0.322671 0.0864865 -0.0406711 0.192093 0.134219 0.0661521 0.111752 -0.152226 -0.0852705 -0.0831467 0.172403 -0.149397 0.0546385 0.0408708 0.187171 -0.146056 0.163529 0.1305 -0.119317 0.0679425 -0.274796 0.202615 0.189274 0.172287 -0.204631 -0.233908 0.00559716 -0.087306 -0.135257 
-0.11694 -0.0107937 -0.2279 0.0330901 0.0855458 0.167799 0.0111505 0.0619244 0.0330566 0.0652556 -0.00658359 -0.057858 0.112181 0.0163821 -0.0557628 -0.100887 -0.121658 -0.0889369 0.323917 0.123095 -0.0673057 -0.331087 -0.0195611 -0.0227406 -0.102568 0.147742 -0.0997719 -0.198715 0.0788258 -0.00452169 0.192607 -0.0835457 -0.0473968 0.191058 -0.0237351 0.0419315 -0.00652843 -0.0591264 -0.0343035 -0.0612917 -0.185669 0.126415 -0.0755437 -0.268057 -0.117967 0.0186987 0.177547 0.0896778 0.0855719 -0.228086 -0.101793 -0.0513932 -0.0195975 0.153778 -0.147784 0.201797 -0.0738837 -0.0581616 -0.0506004 -0.432761 0.0518705 0.0671782 -0.0838157 -0.052648 
-0.108277 -0.150447 0.146485 0.0853717 0.233049 -0.0016032 -0.0633907 0.244579 0.161876 -0.0905825 0.129201 -0.0734226 0.102893 0.162884 0.149396 -0.0524212 -0.0672383 -0.130855 -0.307781 0.0377484 -0.0677986 -0.191617 0.197229 0.0849151 0.0359374 -0.0435685 0.0951264 0.0117911 0.0161356 -0.0770143 0.0814846 0.0241104 -0.117979 -0.1857 -0.109595 -0.15967 0.0485207 0.139336 0.166841 0.0142427 0.150593 0.0817807 -0.152348 0.0386928 -0.00617318 0.164887 -0.0562576 0.139388 0.0289431 -0.0213362 -0.035041 -0.280444 -0.094904 0.187999 0.280824 -0.0887751 -0.0178303 -0.189694 -0.0551911 0.148535 0.0125531 0.0179979 -0.0813411 -0.120584 
0.0571474 0.160316 -0.0267745 0.0381563 -0.0265756 -0.0844299 -0.186703 -0.0730735 -0.0720341 -0.264712 -0.194873 -0.314346 -0.0258334 -0.17318 0.11262 -0.247511 0.17351 0.0537028 -0.0331275 0.0734118 -0.147102 -0.039284 -0.114356 0.0163966 -0.0296752 0.0847714 0.162513 -0.308874 -0.131951 0.0544577 -0.00516565 -0.0835485 0.233081 -0.0321471 -0.264325 -0.0502567 0.0960939 -0.205733 0.00382659 -0.0163423 -0.197517 0.0294515 0.0700608 0.0571003 -0.135867 -0.0073839 0.084081 -0.309484 -0.107004 0.154793 0.158368 0.169109 -0.131404 -0.102003 -0.10332 -0.107867 -0.122787 -0.0882345 -0.132731 0.195085 -0.230036 0.106138 -0.117705 0.274305 
0.103724 -0.164932 -0.0881252 0.132734 0.0801485 -0.439099 -0.0677121 -0.191344 -0.406053 0.0704158 0.0447969 -0.133561 -0.0175441 -0.172404 -0.0881918 -0.349626 0.0797911 0.0632935 0.0660124 -0.235486 0.144505 -0.0592361 0.217002 -0.301509 -0.208756 0.274293 0.0897382 -0.123449 -0.222107 -0.123423 0.215827 0.0182082 -0.0570566 -0.141322 0.418095 -0.534046 0.1939 0.0961335 -0.212361 0.0630362 0.0708467 -0.0158934 -0.226834 0.0831892 0.00375451 -0.0169309 0.0593022 0.0056013 0.0968581 0.126453 0.0458895 -0.12001 -0.0616181 0.0501867 -0.0702566 0.290315 0.314037 0.0932408 -0.199277 0.221266 0.161881 0.0312371 -0.21631 -0.0117109 
-0.0221472 0.011003 -0.0902818 -0.304984 0.127015 -0.101442 0.130928 0.110066 -0.645474 -0.116155 0.215303 0.00973079 0.0782602 -0.100844 -0.0307256 -0.12724 -0.0120103 0.0192698 -0.0151713 0.0652636 -0.0183266 0.364833 0.142224 0.0386643 -0.0340085 0.0929365 0.0782512 0.00312943 -0.0180493 -0.14382 -0.045567 0.318785 
32 3
0.352992 -0.013236 -0.646688 0.291363 -0.14947 0.165658 0.0578635 -0.252305 0.864687 -0.427564 0.7855 0.0335554 -0.152716 0.0775142 -0.120536 0.437606 -0.105087 -0.0609048 -0.281705 0.356073 -0.169781 -0.690082 0.408008 0.647128 0.174796 0.189531 -0.558309 0.0533502 -0.136738 0.184164 -0.00990247 -0.685254 
0.175681 -0.0191757 0.598785 -0.295618 -0.267295 0.0895276 0.509093 -0.155504 -0.775605 0.0320891 -1.02913 -0.014089 0.201474 -0.251826 -0.147164 -0.404801 0.210944 0.154548 0.45406 0.143068 -0.045431 -0.345775 0.044136 -0.250106 -0.0211689 -0.388597 0.305132 0.228813 -0.128668 -0.157215 0.0429861 -0.247092 
-0.327254 0.0187209 -0.0720847 -0.292104 0.3256 -0.196952 -0.339835 0.301057 -0.0664794 0.189275 0.255471 -0.0677654 0.222559 0.00913422 -0.127093 0.0907535 -0.134708 -0.130246 -0.217192 -0.150296 0.0858235 1.06342 -0.623244 -0.625088 -0.151704 0.295406 0.160805 -0.340102 0.173524 -0.314707 -0.0420636 0.941571 
0.0222607 0.372129 0.549601 
